date,tavg,tmin,tmax,prcp,city
2005-01-01,22.3,15.1,26.0,0.0,Mumbai
2005-01-02,22.6,15.1,27.2,0.0,Mumbai
2005-01-03,23.5,16.6,30.1,0.0,Mumbai
2005-01-04,26.1,17.5,35.0,0.0,Mumbai
2005-01-05,27.5,19.6,33.3,0.0,Mumbai
2005-01-06,26.0,18.0,32.8,0.0,Mumbai
2005-01-07,25.2,16.5,33.5,0.0,Mumbai
2005-01-08,26.3,15.6,34.2,0.0,Mumbai
2005-01-09,26.0,17.1,32.2,0.0,Mumbai
2005-01-10,24.8,15.2,30.2,0.0,Mumbai
2005-01-11,24.8,17.1,28.3,0.0,Mumbai
2005-01-12,24.8,15.7,29.0,0.0,Mumbai
2005-01-13,26.0,15.3,29.8,0.0,Mumbai
2005-01-14,24.5,15.2,30.5,0.0,Mumbai
2005-01-15,25.1,15.8,30.6,0.0,Mumbai
2005-01-16,24.2,15.8,30.6,0.0,Mumbai
2005-01-17,23.8,15.7,30.7,0.0,Mumbai
2005-01-18,21.8,14.5,30.7,0.0,Mumbai
2005-01-19,22.3,11.5,30.8,0.0,Mumbai
2005-01-20,24.9,16.2,33.2,0.0,Mumbai
2005-01-21,25.6,16.6,33.2,0.0,Mumbai
2005-01-22,23.8,17.8,30.1,0.0,Mumbai
2005-01-23,22.6,15.1,30.0,0.0,Mumbai
2005-01-24,23.1,14.8,30.0,0.0,Mumbai
2005-01-25,23.1,17.3,30.6,0.0,Mumbai
2005-01-26,22.7,17.2,30.7,0.0,Mumbai
2005-01-27,24.3,17.2,30.8,0.0,Mumbai
2005-01-28,24.4,16.2,31.0,0.0,Mumbai
2005-01-29,24.4,15.2,31.2,0.0,Mumbai
2005-01-30,24.3,14.2,31.4,0.0,Mumbai
2005-01-31,24.7,15.8,31.5,0.3,Mumbai
2005-02-01,25.7,17.5,31.7,0.0,Mumbai
2005-02-02,26.4,17.6,31.9,0.0,Mumbai
2005-02-03,26.8,15.3,32.1,0.0,Mumbai
2005-02-04,27.6,16.5,32.3,0.0,Mumbai
2005-02-05,27.2,16.8,32.5,0.0,Mumbai
2005-02-06,26.7,19.0,32.7,0.0,Mumbai
2005-02-07,27.0,20.2,32.9,0.0,Mumbai
2005-02-08,27.6,18.8,33.0,0.0,Mumbai
2005-02-09,28.8,21.6,33.2,0.0,Mumbai
2005-02-10,27.9,18.5,33.4,0.0,Mumbai
2005-02-11,26.9,18.6,33.6,0.0,Mumbai
2005-02-12,28.2,19.6,34.3,0.0,Mumbai
2005-02-13,29.6,17.1,35.0,0.0,Mumbai
2005-02-14,28.8,17.6,33.9,0.0,Mumbai
2005-02-15,27.3,16.5,32.7,0.0,Mumbai
2005-02-16,27.4,21.3,31.6,0.0,Mumbai
2005-02-17,26.1,20.6,30.4,0.0,Mumbai
2005-02-18,25.2,18.0,29.3,0.0,Mumbai
2005-02-19,24.4,15.3,28.1,0.0,Mumbai
2005-02-20,22.6,12.7,27.0,0.0,Mumbai
2005-02-21,25.2,12.5,28.5,0.0,Mumbai
2005-02-22,25.2,13.5,29.9,0.0,Mumbai
2005-02-23,24.0,14.5,31.4,0.0,Mumbai
2005-02-24,25.4,16.2,32.8,0.0,Mumbai
2005-02-25,27.3,17.7,33.4,0.0,Mumbai
2005-02-26,29.8,19.3,34.3,0.0,Mumbai
2005-02-27,28.3,21.5,35.2,0.0,Mumbai
2005-02-28,26.4,20.6,30.5,0.0,Mumbai
2005-03-01,26.6,21.1,31.1,0.0,Mumbai
2005-03-02,26.2,21.0,30.8,0.0,Mumbai
2005-03-03,26.2,21.0,30.5,0.0,Mumbai
2005-03-04,25.8,21.6,30.2,0.0,Mumbai
2005-03-05,25.7,20.0,30.4,0.0,Mumbai
2005-03-06,25.3,21.6,29.5,0.0,Mumbai
2005-03-07,24.7,20.6,28.5,0.0,Mumbai
2005-03-08,25.1,20.6,29.1,0.0,Mumbai
2005-03-09,24.7,19.5,30.1,0.0,Mumbai
2005-03-10,25.4,18.1,31.2,0.0,Mumbai
2005-03-11,26.2,18.4,32.2,0.0,Mumbai
2005-03-12,26.8,18.6,33.2,0.0,Mumbai
2005-03-13,27.5,18.4,35.5,0.0,Mumbai
2005-03-14,27.8,18.9,34.4,0.0,Mumbai
2005-03-15,27.9,19.0,34.2,0.0,Mumbai
2005-03-16,28.0,19.7,34.1,0.0,Mumbai
2005-03-17,29.6,21.7,36.1,0.0,Mumbai
2005-03-18,29.7,21.7,35.1,0.0,Mumbai
2005-03-19,29.8,22.1,34.0,0.0,Mumbai
2005-03-20,28.6,22.6,33.0,0.0,Mumbai
2005-03-21,28.4,23.6,33.7,0.0,Mumbai
2005-03-22,27.8,22.9,32.2,0.0,Mumbai
2005-03-23,26.6,22.2,30.6,0.0,Mumbai
2005-03-24,26.5,21.0,30.2,0.0,Mumbai
2005-03-25,28.3,22.1,31.8,0.0,Mumbai
2005-03-26,27.8,19.2,33.4,0.0,Mumbai
2005-03-27,28.0,21.0,33.6,0.0,Mumbai
2005-03-28,27.1,21.1,31.2,0.0,Mumbai
2005-03-29,27.3,23.0,30.6,0.0,Mumbai
2005-03-30,26.9,22.5,31.1,0.0,Mumbai
2005-03-31,27.7,21.6,32.6,0.0,Mumbai
2005-04-01,27.8,21.1,34.3,0.0,Mumbai
2005-04-02,30.4,23.3,36.0,0.0,Mumbai
2005-04-03,31.8,22.8,37.4,0.0,Mumbai
2005-04-04,31.1,25.0,38.7,0.0,Mumbai
2005-04-05,29.9,22.6,36.8,0.0,Mumbai
2005-04-06,30.0,24.5,35.0,0.0,Mumbai
2005-04-07,29.2,23.8,33.1,0.0,Mumbai
2005-04-08,28.1,23.1,32.6,0.0,Mumbai
2005-04-09,27.8,22.4,32.1,0.0,Mumbai
2005-04-10,28.5,21.5,35.1,0.0,Mumbai
2005-04-11,28.4,19.7,36.1,0.0,Mumbai
2005-04-12,29.1,23.0,34.7,0.0,Mumbai
2005-04-13,28.7,25.6,34.7,0.0,Mumbai
2005-04-14,28.7,25.6,34.7,0.0,Mumbai
2005-04-15,28.9,25.6,33.5,0.0,Mumbai
2005-04-16,28.4,25.6,34.6,0.0,Mumbai
2005-04-17,28.6,25.6,33.5,0.0,Mumbai
2005-04-18,29.4,23.0,36.9,0.0,Mumbai
2005-04-19,29.6,22.0,35.6,0.0,Mumbai
2005-04-20,30.1,24.0,35.6,0.0,Mumbai
2005-04-21,28.7,24.9,33.4,0.0,Mumbai
2005-04-22,28.3,25.8,31.6,0.0,Mumbai
2005-04-23,29.0,27.0,33.3,0.0,Mumbai
2005-04-24,29.6,25.8,34.1,0.0,Mumbai
2005-04-25,28.7,25.2,33.5,0.0,Mumbai
2005-04-26,28.7,24.5,34.7,0.0,Mumbai
2005-04-27,28.1,24.4,32.5,0.0,Mumbai
2005-04-28,28.4,24.6,33.3,0.0,Mumbai
2005-04-29,28.3,24.0,34.1,0.0,Mumbai
2005-04-30,28.2,24.2,32.5,0.0,Mumbai
2005-05-01,28.6,24.8,32.6,0.0,Mumbai
2005-05-02,28.6,25.7,33.0,0.0,Mumbai
2005-05-03,28.7,25.7,33.0,0.0,Mumbai
2005-05-04,29.0,27.0,33.3,0.0,Mumbai
2005-05-05,28.4,26.1,32.6,0.0,Mumbai
2005-05-06,28.7,25.2,32.8,0.0,Mumbai
2005-05-07,29.0,25.9,32.8,0.0,Mumbai
2005-05-08,28.8,26.8,32.6,0.0,Mumbai
2005-05-09,28.9,26.6,33.4,0.0,Mumbai
2005-05-10,29.3,26.6,33.4,0.0,Mumbai
2005-05-11,28.8,25.8,33.4,0.0,Mumbai
2005-05-12,29.0,25.0,33.5,0.0,Mumbai
2005-05-13,28.6,24.8,34.0,0.0,Mumbai
2005-05-14,28.6,23.6,33.3,0.0,Mumbai
2005-05-15,28.4,24.4,33.0,0.0,Mumbai
2005-05-16,28.9,25.2,33.0,0.0,Mumbai
2005-05-17,29.1,26.4,34.0,0.0,Mumbai
2005-05-18,29.2,27.0,33.4,0.0,Mumbai
2005-05-19,29.6,26.4,33.5,0.0,Mumbai
2005-05-20,29.4,25.8,33.7,0.0,Mumbai
2005-05-21,30.6,27.5,33.8,0.0,Mumbai
2005-05-22,30.9,26.4,33.7,0.0,Mumbai
2005-05-23,30.6,26.5,33.3,0.0,Mumbai
2005-05-24,30.8,27.6,33.7,0.0,Mumbai
2005-05-25,30.8,26.9,33.7,0.0,Mumbai
2005-05-26,30.6,26.4,33.4,0.0,Mumbai
2005-05-27,30.8,26.3,33.6,0.0,Mumbai
2005-05-28,31.0,28.1,33.9,0.0,Mumbai
2005-05-29,31.4,27.0,34.5,0.0,Mumbai
2005-05-30,31.2,27.3,34.9,0.0,Mumbai
2005-05-31,31.1,27.0,33.5,0.0,Mumbai
2005-06-01,30.8,28.8,34.1,0.0,Mumbai
2005-06-02,31.0,28.4,33.5,0.0,Mumbai
2005-06-03,30.9,27.7,33.4,0.0,Mumbai
2005-06-04,30.9,28.4,33.8,0.0,Mumbai
2005-06-05,31.1,28.4,33.7,0.0,Mumbai
2005-06-06,31.3,27.0,33.8,0.0,Mumbai
2005-06-07,31.8,28.8,34.7,0.0,Mumbai
2005-06-08,31.7,29.2,34.5,0.0,Mumbai
2005-06-09,31.9,28.9,34.7,0.0,Mumbai
2005-06-10,31.9,29.2,34.6,0.0,Mumbai
2005-06-11,31.9,28.5,34.5,0.0,Mumbai
2005-06-12,31.6,27.5,35.0,0.0,Mumbai
2005-06-13,31.4,26.5,34.5,5.1,Mumbai
2005-06-14,32.1,28.8,35.1,0.0,Mumbai
2005-06-15,31.7,28.8,34.1,0.0,Mumbai
2005-06-16,31.7,26.7,34.0,3.0,Mumbai
2005-06-17,31.8,28.2,34.3,0.0,Mumbai
2005-06-18,30.0,27.0,35.0,0.0,Mumbai
2005-06-19,28.5,24.9,32.8,25.9,Mumbai
2005-06-20,27.4,24.7,30.5,13.0,Mumbai
2005-06-21,27.4,24.6,30.4,32.0,Mumbai
2005-06-22,27.1,24.4,29.0,58.9,Mumbai
2005-06-23,25.6,24.4,29.9,108.0,Mumbai
2005-06-24,26.7,24.5,30.8,119.1,Mumbai
2005-06-25,26.7,24.5,29.6,51.1,Mumbai
2005-06-26,27.6,24.8,31.1,18.0,Mumbai
2005-06-27,27.0,25.2,30.0,29.0,Mumbai
2005-06-28,27.5,25.5,29.4,74.9,Mumbai
2005-06-29,27.6,25.5,29.3,19.1,Mumbai
2005-06-30,28.3,25.5,31.0,7.1,Mumbai
2005-07-01,27.1,25.5,29.0,21.1,Mumbai
2005-07-02,27.7,25.5,29.6,23.1,Mumbai
2005-07-03,28.4,25.0,31.7,9.9,Mumbai
2005-07-04,28.2,26.0,31.2,8.9,Mumbai
2005-07-05,28.7,26.2,31.2,3.0,Mumbai
2005-07-06,28.8,26.5,31.3,0.3,Mumbai
2005-07-07,28.1,26.8,31.4,0.0,Mumbai
2005-07-08,28.8,27.0,31.9,2.0,Mumbai
2005-07-09,28.4,27.4,30.9,0.0,Mumbai
2005-07-10,28.7,27.8,31.5,0.0,Mumbai
2005-07-11,28.6,27.3,31.3,0.0,Mumbai
2005-07-12,28.8,26.8,31.8,0.0,Mumbai
2005-07-13,28.9,26.6,32.1,0.3,Mumbai
2005-07-14,29.2,26.5,32.1,10.9,Mumbai
2005-07-15,28.9,26.1,32.0,0.0,Mumbai
2005-07-16,28.9,25.7,32.1,0.0,Mumbai
2005-07-17,28.4,25.3,31.0,6.1,Mumbai
2005-07-18,29.2,24.8,31.5,34.0,Mumbai
2005-07-19,27.9,24.4,30.2,17.0,Mumbai
2005-07-20,26.6,24.0,29.0,17.0,Mumbai
2005-07-21,26.8,23.6,29.6,103.1,Mumbai
2005-07-22,27.8,24.6,30.2,39.1,Mumbai
2005-07-23,28.8,25.6,32.0,13.0,Mumbai
2005-07-24,28.2,25.2,31.4,15.0,Mumbai
2005-07-25,28.1,24.9,31.2,4.1,Mumbai
2005-07-26,27.1,24.5,31.0,461.0,Mumbai
2005-07-27,27.7,24.2,30.8,0.0,Mumbai
2005-07-28,28.4,24.4,30.6,19.1,Mumbai
2005-07-29,27.3,24.7,30.4,19.3,Mumbai
2005-07-30,27.6,24.3,30.2,57.9,Mumbai
2005-07-31,25.5,24.8,27.4,67.1,Mumbai
2005-08-01,25.3,24.4,28.3,208.0,Mumbai
2005-08-02,27.5,24.0,29.2,149.1,Mumbai
2005-08-03,28.0,24.0,28.6,42.9,Mumbai
2005-08-04,26.4,25.6,28.0,6.1,Mumbai
2005-08-05,27.6,25.2,29.0,16.0,Mumbai
2005-08-06,27.3,26.0,30.0,2.0,Mumbai
2005-08-07,26.9,24.8,30.2,9.9,Mumbai
2005-08-08,26.7,25.0,30.4,1.0,Mumbai
2005-08-09,27.7,25.2,30.8,5.1,Mumbai
2005-08-10,27.7,25.4,30.9,0.5,Mumbai
2005-08-11,27.0,25.5,30.0,2.0,Mumbai
2005-08-12,27.2,25.0,30.4,6.1,Mumbai
2005-08-13,26.9,25.1,30.3,1.8,Mumbai
2005-08-14,27.4,25.2,30.6,4.1,Mumbai
2005-08-15,27.6,25.2,30.7,0.3,Mumbai
2005-08-16,26.9,25.3,30.0,3.0,Mumbai
2005-08-17,27.3,25.4,30.6,15.0,Mumbai
2005-08-18,27.5,24.8,30.7,3.0,Mumbai
2005-08-19,26.9,24.7,30.0,7.9,Mumbai
2005-08-20,26.2,25.1,27.4,3.0,Mumbai
2005-08-21,27.2,25.5,29.4,18.0,Mumbai
2005-08-22,27.1,25.1,30.0,3.0,Mumbai
2005-08-23,27.8,24.5,30.6,1.0,Mumbai
2005-08-24,27.8,24.8,31.2,0.0,Mumbai
2005-08-25,27.7,25.0,31.0,6.1,Mumbai
2005-08-26,27.1,24.6,30.9,0.3,Mumbai
2005-08-27,27.1,24.2,30.4,7.9,Mumbai
2005-08-28,27.1,24.4,31.1,4.1,Mumbai
2005-08-29,28.1,24.5,31.8,0.0,Mumbai
2005-08-30,27.7,25.3,31.0,0.0,Mumbai
2005-08-31,27.8,25.1,30.8,0.0,Mumbai
2005-09-01,27.7,24.7,31.4,0.0,Mumbai
2005-09-02,28.7,24.7,31.9,0.0,Mumbai
2005-09-03,28.6,24.8,32.3,0.0,Mumbai
2005-09-04,25.7,24.8,27.5,37.1,Mumbai
2005-09-05,26.9,24.5,30.9,30.0,Mumbai
2005-09-06,27.9,24.6,32.7,8.9,Mumbai
2005-09-07,28.2,25.8,31.4,1.0,Mumbai
2005-09-08,27.4,25.2,30.9,4.1,Mumbai
2005-09-09,26.0,24.8,29.5,9.9,Mumbai
2005-09-10,26.4,24.5,28.1,223.0,Mumbai
2005-09-11,26.1,24.7,27.6,36.1,Mumbai
2005-09-12,26.3,24.6,27.6,89.9,Mumbai
2005-09-13,27.3,24.8,29.7,19.1,Mumbai
2005-09-14,27.3,25.5,30.6,17.0,Mumbai
2005-09-15,27.6,24.7,30.2,18.0,Mumbai
2005-09-16,27.6,25.0,30.5,5.1,Mumbai
2005-09-17,26.9,24.2,30.5,7.9,Mumbai
2005-09-18,27.8,23.5,30.5,19.1,Mumbai
2005-09-19,26.2,23.6,29.5,6.1,Mumbai
2005-09-20,25.6,23.8,29.2,9.9,Mumbai
2005-09-21,26.4,24.2,28.8,26.9,Mumbai
2005-09-22,25.2,24.5,28.4,82.0,Mumbai
2005-09-23,26.9,24.5,28.1,86.1,Mumbai
2005-09-24,27.4,24.8,29.5,3.0,Mumbai
2005-09-25,27.6,25.0,30.5,2.0,Mumbai
2005-09-26,27.4,24.3,30.5,0.8,Mumbai
2005-09-27,27.1,24.2,31.4,0.0,Mumbai
2005-09-28,27.2,24.0,31.0,0.0,Mumbai
2005-09-29,27.5,23.8,30.8,0.0,Mumbai
2005-09-30,25.5,23.2,27.8,0.0,Mumbai
2005-10-01,26.7,22.7,30.0,6.1,Mumbai
2005-10-02,26.7,24.1,29.9,0.0,Mumbai
2005-10-03,25.8,24.0,27.3,0.8,Mumbai
2005-10-04,27.1,24.0,30.5,24.9,Mumbai
2005-10-05,27.2,24.2,30.8,0.0,Mumbai
2005-10-06,28.9,23.6,32.9,0.0,Mumbai
2005-10-07,29.7,25.4,35.0,0.0,Mumbai
2005-10-08,29.6,25.0,35.8,0.0,Mumbai
2005-10-09,28.8,24.6,36.2,0.0,Mumbai
2005-10-10,29.1,22.3,36.0,0.0,Mumbai
2005-10-11,29.8,22.6,36.0,0.0,Mumbai
2005-10-12,29.8,23.5,36.2,0.0,Mumbai
2005-10-13,30.4,24.2,36.4,0.0,Mumbai
2005-10-14,28.9,25.8,32.9,0.0,Mumbai
2005-10-15,28.5,26.0,33.0,0.0,Mumbai
2005-10-16,27.7,26.0,31.5,0.0,Mumbai
2005-10-17,27.9,26.0,33.8,0.0,Mumbai
2005-10-18,27.8,26.0,33.0,0.0,Mumbai
2005-10-19,28.1,26.0,32.2,0.0,Mumbai
2005-10-20,28.4,24.7,32.6,0.0,Mumbai
2005-10-21,28.2,23.4,33.5,0.0,Mumbai
2005-10-22,27.7,22.2,35.3,0.0,Mumbai
2005-10-23,27.7,20.9,34.4,0.0,Mumbai
2005-10-24,27.2,21.0,34.6,0.0,Mumbai
2005-10-25,27.7,21.0,35.1,0.0,Mumbai
2005-10-26,27.7,23.6,34.2,0.0,Mumbai
2005-10-27,27.5,21.3,33.3,0.5,Mumbai
2005-10-28,26.8,19.0,33.8,0.0,Mumbai
2005-10-29,26.2,19.9,33.3,0.0,Mumbai
2005-10-30,26.3,18.1,33.3,0.0,Mumbai
2005-10-31,25.4,17.9,33.3,0.0,Mumbai
2005-11-01,25.5,17.1,32.8,0.0,Mumbai
2005-11-02,26.6,21.9,31.8,0.0,Mumbai
2005-11-03,27.3,22.3,33.8,0.0,Mumbai
2005-11-04,27.6,21.8,35.8,0.0,Mumbai
2005-11-05,27.9,20.6,35.0,0.0,Mumbai
2005-11-06,26.8,20.9,33.5,0.0,Mumbai
2005-11-07,27.4,20.8,33.6,0.0,Mumbai
2005-11-08,27.5,20.8,33.8,0.0,Mumbai
2005-11-09,25.7,18.8,32.8,0.0,Mumbai
2005-11-10,26.2,16.7,34.1,0.0,Mumbai
2005-11-11,25.6,16.2,33.9,0.0,Mumbai
2005-11-12,25.9,16.0,34.5,0.0,Mumbai
2005-11-13,26.6,18.0,34.0,0.0,Mumbai
2005-11-14,25.5,16.0,33.6,0.0,Mumbai
2005-11-15,26.6,18.2,34.0,0.0,Mumbai
2005-11-16,26.6,18.0,34.2,0.0,Mumbai
2005-11-17,26.8,17.8,34.7,0.0,Mumbai
2005-11-18,25.7,17.1,35.5,0.0,Mumbai
2005-11-19,25.6,19.0,34.5,0.0,Mumbai
2005-11-20,25.9,18.5,34.3,0.0,Mumbai
2005-11-21,26.7,16.5,35.4,0.0,Mumbai
2005-11-22,26.2,15.0,34.4,0.0,Mumbai
2005-11-23,26.7,17.0,35.2,0.0,Mumbai
2005-11-24,26.5,16.6,35.3,0.0,Mumbai
2005-11-25,26.6,19.5,34.8,0.0,Mumbai
2005-11-26,27.1,18.8,35.4,0.0,Mumbai
2005-11-27,25.8,19.0,33.0,0.0,Mumbai
2005-11-28,26.6,19.2,34.0,0.0,Mumbai
2005-11-29,26.4,19.5,32.9,0.0,Mumbai
2005-11-30,26.1,20.4,33.1,0.0,Mumbai
2005-12-01,24.7,21.0,28.5,0.0,Mumbai
2005-12-02,26.5,20.0,34.0,0.0,Mumbai
2005-12-03,27.5,18.9,34.0,0.0,Mumbai
2005-12-04,27.3,21.5,34.8,0.0,Mumbai
2005-12-05,27.7,20.7,36.5,0.0,Mumbai
2005-12-06,28.2,19.9,34.7,0.0,Mumbai
2005-12-07,26.9,19.1,34.4,0.0,Mumbai
2005-12-08,26.1,18.6,33.3,0.0,Mumbai
2005-12-09,26.4,18.6,34.9,0.0,Mumbai
2005-12-10,25.9,17.8,33.1,0.0,Mumbai
2005-12-11,26.1,17.7,34.1,0.0,Mumbai
2005-12-12,26.1,17.2,33.8,0.0,Mumbai
2005-12-13,26.2,16.7,33.8,0.0,Mumbai
2005-12-14,25.2,15.5,33.6,0.0,Mumbai
2005-12-15,24.8,15.1,33.2,0.0,Mumbai
2005-12-16,25.2,15.3,32.8,0.0,Mumbai
2005-12-17,24.9,15.4,32.7,0.0,Mumbai
2005-12-18,23.8,13.8,31.5,0.0,Mumbai
2005-12-19,22.7,13.5,30.2,0.0,Mumbai
2005-12-20,22.1,13.5,28.8,0.0,Mumbai
2005-12-21,21.7,11.6,28.3,0.0,Mumbai
2005-12-22,22.4,14.0,27.6,0.0,Mumbai
2005-12-23,22.1,13.6,27.3,0.0,Mumbai
2005-12-24,24.0,13.3,30.3,0.0,Mumbai
2005-12-25,25.2,13.6,32.3,0.0,Mumbai
2005-12-26,24.1,14.0,32.3,0.0,Mumbai
2005-12-27,23.7,14.3,29.3,0.0,Mumbai
2005-12-28,24.5,14.6,32.5,0.0,Mumbai
2005-12-29,23.6,14.9,30.5,0.0,Mumbai
2005-12-30,23.4,14.3,29.2,0.0,Mumbai
2005-12-31,24.8,13.7,32.3,0.0,Mumbai
2006-01-01,23.1,15.2,31.8,0.0,Mumbai
2006-01-02,22.7,15.9,27.5,0.0,Mumbai
2006-01-03,22.9,17.0,30.1,0.0,Mumbai
2006-01-04,23.9,15.5,32.7,0.0,Mumbai
2006-01-05,23.9,16.1,33.6,0.0,Mumbai
2006-01-06,25.2,16.2,32.3,0.0,Mumbai
2006-01-07,24.9,15.7,34.8,0.0,Mumbai
2006-01-08,26.1,16.7,34.7,0.0,Mumbai
2006-01-09,26.8,18.6,34.8,0.0,Mumbai
2006-01-10,27.2,18.3,34.4,0.0,Mumbai
2006-01-11,26.1,18.0,35.3,0.0,Mumbai
2006-01-12,24.7,17.2,30.8,0.0,Mumbai
2006-01-13,24.4,15.5,33.3,0.0,Mumbai
2006-01-14,25.1,15.2,34.0,0.0,Mumbai
2006-01-15,27.3,17.0,37.4,0.0,Mumbai
2006-01-16,26.4,18.9,34.1,0.0,Mumbai
2006-01-17,25.4,18.1,32.3,0.0,Mumbai
2006-01-18,25.5,18.0,31.2,0.0,Mumbai
2006-01-19,25.4,18.0,34.9,0.0,Mumbai
2006-01-20,24.6,18.2,32.5,0.0,Mumbai
2006-01-21,24.7,16.9,31.2,0.0,Mumbai
2006-01-22,23.3,16.0,29.8,0.0,Mumbai
2006-01-23,22.2,16.2,27.8,0.0,Mumbai
2006-01-24,22.7,13.4,30.5,0.0,Mumbai
2006-01-25,23.9,14.5,30.7,0.0,Mumbai
2006-01-26,23.9,14.0,33.6,0.0,Mumbai
2006-01-27,23.2,13.6,33.7,0.0,Mumbai
2006-01-28,24.8,13.0,35.0,0.0,Mumbai
2006-01-29,25.1,13.8,34.3,0.0,Mumbai
2006-01-30,25.2,14.6,35.8,0.0,Mumbai
2006-01-31,25.7,14.9,36.0,0.0,Mumbai
2006-02-01,25.8,17.4,33.5,0.0,Mumbai
2006-02-02,26.6,16.4,36.2,0.0,Mumbai
2006-02-03,27.1,17.8,37.5,0.0,Mumbai
2006-02-04,27.4,17.8,36.6,0.0,Mumbai
2006-02-05,27.2,16.4,35.8,0.0,Mumbai
2006-02-06,26.9,15.6,34.7,0.0,Mumbai
2006-02-07,26.0,15.3,33.2,0.0,Mumbai
2006-02-08,25.8,16.6,33.3,0.0,Mumbai
2006-02-09,26.1,16.0,35.1,0.0,Mumbai
2006-02-10,25.7,16.6,33.6,0.0,Mumbai
2006-02-11,26.2,16.3,36.8,0.0,Mumbai
2006-02-12,26.9,16.4,35.0,0.0,Mumbai
2006-02-13,26.2,18.5,35.4,0.0,Mumbai
2006-02-14,26.3,18.2,32.5,0.0,Mumbai
2006-02-15,26.6,20.5,32.6,0.0,Mumbai
2006-02-16,25.8,17.8,32.5,0.0,Mumbai
2006-02-17,25.3,17.1,33.2,0.0,Mumbai
2006-02-18,26.2,18.6,33.8,0.0,Mumbai
2006-02-19,27.7,18.6,35.1,0.0,Mumbai
2006-02-20,28.5,19.8,36.2,0.0,Mumbai
2006-02-21,29.1,21.2,36.0,0.0,Mumbai
2006-02-22,26.5,21.5,32.4,0.0,Mumbai
2006-02-23,28.6,21.3,34.1,0.0,Mumbai
2006-02-24,30.3,20.9,34.0,0.0,Mumbai
2006-02-25,27.4,21.4,34.0,0.0,Mumbai
2006-02-26,26.4,23.5,31.7,0.0,Mumbai
2006-02-27,27.1,22.3,32.0,0.0,Mumbai
2006-02-28,27.1,22.0,33.5,0.0,Mumbai
2006-03-01,27.2,22.6,33.4,0.0,Mumbai
2006-03-02,28.4,22.0,33.3,0.0,Mumbai
2006-03-03,27.3,21.5,33.3,0.0,Mumbai
2006-03-04,26.4,18.8,33.7,0.0,Mumbai
2006-03-05,25.4,16.2,31.3,0.0,Mumbai
2006-03-06,25.1,18.0,30.5,0.0,Mumbai
2006-03-07,25.4,20.0,30.5,0.0,Mumbai
2006-03-08,25.8,20.4,30.7,0.0,Mumbai
2006-03-09,22.8,19.4,29.8,1.0,Mumbai
2006-03-10,24.8,18.5,29.0,11.9,Mumbai
2006-03-11,24.6,18.6,29.3,0.0,Mumbai
2006-03-12,25.0,18.7,30.0,0.0,Mumbai
2006-03-13,26.4,19.1,31.6,0.0,Mumbai
2006-03-14,26.6,21.0,31.5,0.0,Mumbai
2006-03-15,26.1,21.3,30.0,0.0,Mumbai
2006-03-16,25.9,21.6,30.2,0.0,Mumbai
2006-03-17,26.7,21.0,31.7,0.0,Mumbai
2006-03-18,26.8,22.1,31.7,0.0,Mumbai
2006-03-19,28.3,22.7,35.5,0.0,Mumbai
2006-03-20,28.2,23.5,35.2,0.0,Mumbai
2006-03-21,27.4,21.8,32.3,0.0,Mumbai
2006-03-22,30.0,20.8,36.0,0.0,Mumbai
2006-03-23,28.8,23.0,34.3,0.0,Mumbai
2006-03-24,28.0,22.6,33.2,0.0,Mumbai
2006-03-25,28.1,21.5,33.6,0.0,Mumbai
2006-03-26,28.0,20.8,34.0,0.0,Mumbai
2006-03-27,27.0,20.2,31.9,0.0,Mumbai
2006-03-28,28.9,20.5,33.8,0.0,Mumbai
2006-03-29,30.9,19.7,38.0,0.0,Mumbai
2006-03-30,29.3,21.8,37.5,0.0,Mumbai
2006-03-31,27.6,22.4,31.5,0.0,Mumbai
2006-04-01,27.9,23.0,32.5,0.0,Mumbai
2006-04-02,27.8,22.3,32.8,0.0,Mumbai
2006-04-03,27.4,21.3,31.8,0.0,Mumbai
2006-04-04,27.7,21.7,33.7,0.0,Mumbai
2006-04-05,28.2,22.0,32.9,0.0,Mumbai
2006-04-06,27.7,23.6,31.9,0.0,Mumbai
2006-04-07,27.8,23.6,32.3,0.0,Mumbai
2006-04-08,27.7,22.6,33.3,0.0,Mumbai
2006-04-09,28.0,23.7,33.2,0.0,Mumbai
2006-04-10,27.9,23.2,32.6,0.0,Mumbai
2006-04-11,27.2,24.0,31.4,0.0,Mumbai
2006-04-12,26.8,23.1,31.0,0.0,Mumbai
2006-04-13,27.3,22.2,31.2,0.0,Mumbai
2006-04-14,27.9,22.0,32.5,0.0,Mumbai
2006-04-15,28.4,22.6,32.8,0.0,Mumbai
2006-04-16,27.7,24.5,31.9,0.0,Mumbai
2006-04-17,27.5,24.0,31.9,0.0,Mumbai
2006-04-18,27.7,24.1,31.6,0.0,Mumbai
2006-04-19,28.8,24.2,34.0,0.0,Mumbai
2006-04-20,28.8,23.8,35.3,0.0,Mumbai
2006-04-21,29.1,25.5,33.7,0.0,Mumbai
2006-04-22,28.5,25.4,32.6,0.0,Mumbai
2006-04-23,28.0,24.9,32.2,0.0,Mumbai
2006-04-24,27.8,24.0,32.6,0.0,Mumbai
2006-04-25,27.9,23.9,32.5,0.0,Mumbai
2006-04-26,27.8,24.6,32.1,0.0,Mumbai
2006-04-27,27.7,24.1,32.0,0.0,Mumbai
2006-04-28,27.9,23.9,31.8,0.0,Mumbai
2006-04-29,28.0,24.5,32.1,0.0,Mumbai
2006-04-30,28.0,24.5,32.1,0.0,Mumbai
2006-05-01,28.2,24.8,32.1,0.0,Mumbai
2006-05-02,28.7,24.7,33.0,0.0,Mumbai
2006-05-03,28.4,25.8,33.0,0.0,Mumbai
2006-05-04,28.6,25.1,33.0,0.0,Mumbai
2006-05-05,28.8,25.6,32.9,0.0,Mumbai
2006-05-06,28.7,26.0,33.0,0.0,Mumbai
2006-05-07,28.6,25.3,32.6,0.0,Mumbai
2006-05-08,28.6,25.5,33.5,0.0,Mumbai
2006-05-09,28.9,25.6,33.4,0.0,Mumbai
2006-05-10,28.8,25.8,33.2,0.0,Mumbai
2006-05-11,29.0,25.3,33.2,0.0,Mumbai
2006-05-12,29.1,25.4,33.8,0.0,Mumbai
2006-05-13,29.0,25.4,33.5,0.0,Mumbai
2006-05-14,29.4,25.4,34.0,0.0,Mumbai
2006-05-15,29.3,25.9,33.7,0.0,Mumbai
2006-05-16,29.6,26.5,34.1,0.0,Mumbai
2006-05-17,29.6,25.6,34.5,0.0,Mumbai
2006-05-18,29.5,26.3,33.6,0.0,Mumbai
2006-05-19,29.5,27.2,33.8,0.0,Mumbai
2006-05-20,29.7,27.6,33.9,0.0,Mumbai
2006-05-21,29.8,27.9,33.7,0.0,Mumbai
2006-05-22,30.0,28.2,35.2,0.0,Mumbai
2006-05-23,30.1,28.6,34.2,0.0,Mumbai
2006-05-24,29.9,28.8,33.8,0.0,Mumbai
2006-05-25,29.9,28.8,33.8,0.0,Mumbai
2006-05-26,30.2,28.9,34.1,0.0,Mumbai
2006-05-27,30.5,28.9,34.5,0.0,Mumbai
2006-05-28,30.0,28.9,33.4,0.0,Mumbai
2006-05-29,30.2,28.9,34.6,0.0,Mumbai
2006-05-30,28.9,27.0,34.0,0.0,Mumbai
2006-05-31,25.8,25.1,30.7,45.0,Mumbai
2006-06-01,25.6,23.2,30.8,180.1,Mumbai
2006-06-02,27.3,24.0,30.8,15.0,Mumbai
2006-06-03,27.3,24.8,32.1,0.3,Mumbai
2006-06-04,27.9,25.6,32.6,5.1,Mumbai
2006-06-05,28.6,25.2,32.6,0.0,Mumbai
2006-06-06,28.6,24.9,32.8,0.0,Mumbai
2006-06-07,28.9,24.5,33.0,3.0,Mumbai
2006-06-08,29.3,27.0,33.0,0.0,Mumbai
2006-06-09,29.2,26.6,33.7,0.3,Mumbai
2006-06-10,29.3,26.2,33.3,0.0,Mumbai
2006-06-11,29.4,26.2,33.1,0.0,Mumbai
2006-06-12,29.1,26.1,33.0,2.0,Mumbai
2006-06-13,28.8,26.6,33.0,0.0,Mumbai
2006-06-14,29.3,27.5,33.5,0.3,Mumbai
2006-06-15,29.3,27.6,33.5,1.0,Mumbai
2006-06-16,29.7,27.2,33.5,6.1,Mumbai
2006-06-17,29.6,27.4,33.6,0.0,Mumbai
2006-06-18,30.1,27.6,34.0,8.9,Mumbai
2006-06-19,29.2,26.8,34.0,0.0,Mumbai
2006-06-20,28.5,26.0,33.8,0.0,Mumbai
2006-06-21,28.4,25.3,34.0,0.0,Mumbai
2006-06-22,27.8,24.5,33.3,0.0,Mumbai
2006-06-23,28.2,23.7,31.2,21.1,Mumbai
2006-06-24,29.3,24.4,33.1,10.9,Mumbai
2006-06-25,28.3,26.2,31.3,15.0,Mumbai
2006-06-26,28.6,26.6,32.4,0.3,Mumbai
2006-06-27,26.8,26.0,32.2,45.0,Mumbai
2006-06-28,28.4,25.4,32.1,113.0,Mumbai
2006-06-29,27.6,25.5,30.5,19.1,Mumbai
2006-06-30,26.7,25.5,29.0,33.0,Mumbai
2006-07-01,26.4,25.6,28.5,53.1,Mumbai
2006-07-02,26.2,26.0,28.0,66.0,Mumbai
2006-07-03,25.8,25.0,28.9,165.1,Mumbai
2006-07-04,24.9,24.0,29.8,151.9,Mumbai
2006-07-05,25.6,23.0,30.7,230.9,Mumbai
2006-07-06,27.8,23.8,31.6,119.9,Mumbai
2006-07-07,28.2,24.7,31.1,7.1,Mumbai
2006-07-08,28.2,25.5,31.0,1.0,Mumbai
2006-07-09,28.0,26.4,31.1,0.3,Mumbai
2006-07-10,27.8,26.0,30.2,0.8,Mumbai
2006-07-11,27.8,25.5,31.0,7.9,Mumbai
2006-07-12,27.8,26.4,31.0,7.9,Mumbai
2006-07-13,28.3,26.5,30.9,3.0,Mumbai
2006-07-14,28.3,26.6,31.2,4.1,Mumbai
2006-07-15,28.0,26.6,31.3,1.0,Mumbai
2006-07-16,28.3,26.7,31.6,1.0,Mumbai
2006-07-17,27.8,26.8,31.5,2.0,Mumbai
2006-07-18,27.6,20.1,30.9,0.3,Mumbai
2006-07-19,27.6,25.6,31.0,2.0,Mumbai
2006-07-20,27.3,25.2,30.7,5.1,Mumbai
2006-07-21,26.6,24.8,29.3,10.9,Mumbai
2006-07-22,26.2,24.9,29.7,23.9,Mumbai
2006-07-23,26.3,25.0,30.1,61.0,Mumbai
2006-07-24,27.4,25.0,30.5,29.0,Mumbai
2006-07-25,27.5,24.8,30.7,4.1,Mumbai
2006-07-26,27.4,24.7,31.1,18.0,Mumbai
2006-07-27,27.3,25.3,29.2,8.9,Mumbai
2006-07-28,26.6,25.4,28.5,18.0,Mumbai
2006-07-29,26.8,25.5,28.3,18.0,Mumbai
2006-07-30,27.0,25.6,29.0,11.9,Mumbai
2006-07-31,27.1,25.6,30.4,25.9,Mumbai
2006-08-01,26.8,25.6,30.3,13.0,Mumbai
2006-08-02,27.2,25.7,30.2,23.9,Mumbai
2006-08-03,27.1,25.7,30.5,3.0,Mumbai
2006-08-04,27.1,25.7,30.1,0.5,Mumbai
2006-08-05,25.6,25.4,27.4,2.0,Mumbai
2006-08-06,24.9,25.1,26.1,115.1,Mumbai
2006-08-07,25.1,24.8,27.4,224.0,Mumbai
2006-08-08,25.8,24.5,28.6,146.1,Mumbai
2006-08-09,26.7,24.2,28.6,103.9,Mumbai
2006-08-10,26.3,25.1,27.7,6.1,Mumbai
2006-08-11,26.9,26.0,29.4,11.9,Mumbai
2006-08-12,26.5,25.8,29.0,3.0,Mumbai
2006-08-13,26.9,25.6,30.0,7.1,Mumbai
2006-08-14,26.8,25.3,29.6,5.1,Mumbai
2006-08-15,26.4,25.0,30.1,13.0,Mumbai
2006-08-16,24.8,25.3,26.4,54.1,Mumbai
2006-08-17,26.2,25.6,29.6,113.0,Mumbai
2006-08-18,26.8,25.9,30.0,7.9,Mumbai
2006-08-19,26.4,25.7,29.6,1.0,Mumbai
2006-08-20,26.4,25.5,30.0,10.9,Mumbai
2006-08-21,26.8,25.4,30.0,2.0,Mumbai
2006-08-22,26.3,25.2,29.6,0.3,Mumbai
2006-08-23,26.8,25.0,30.6,9.9,Mumbai
2006-08-24,27.0,24.8,30.8,0.5,Mumbai
2006-08-25,26.6,24.5,30.0,31.0,Mumbai
2006-08-26,26.7,25.4,30.5,6.1,Mumbai
2006-08-27,26.9,25.4,30.2,14.0,Mumbai
2006-08-28,26.8,25.5,30.0,7.9,Mumbai
2006-08-29,27.1,25.5,30.6,6.1,Mumbai
2006-08-30,27.4,26.5,30.0,2.0,Mumbai
2006-08-31,27.4,25.7,31.0,1.0,Mumbai
2006-09-01,25.9,24.8,29.1,0.0,Mumbai
2006-09-02,26.3,24.0,31.0,50.0,Mumbai
2006-09-03,26.6,24.4,30.2,5.1,Mumbai
2006-09-04,27.3,24.7,30.6,3.0,Mumbai
2006-09-05,26.7,24.5,30.2,41.9,Mumbai
2006-09-06,26.1,24.0,29.8,34.0,Mumbai
2006-09-07,27.3,25.0,31.0,9.9,Mumbai
2006-09-08,27.7,24.9,31.4,0.0,Mumbai
2006-09-09,28.2,25.9,32.4,0.0,Mumbai
2006-09-10,28.6,25.9,32.0,0.0,Mumbai
2006-09-11,28.2,25.9,31.8,0.0,Mumbai
2006-09-12,27.7,25.9,31.0,0.0,Mumbai
2006-09-13,28.1,25.9,31.7,0.0,Mumbai
2006-09-14,26.2,25.2,30.5,0.0,Mumbai
2006-09-15,27.2,24.6,31.8,0.0,Mumbai
2006-09-16,27.1,24.7,31.7,0.0,Mumbai
2006-09-17,26.4,24.8,31.0,0.0,Mumbai
2006-09-18,26.1,24.9,29.9,0.0,Mumbai
2006-09-19,27.7,25.0,32.1,0.0,Mumbai
2006-09-20,26.7,25.0,31.8,0.0,Mumbai
2006-09-21,26.9,25.0,30.7,0.8,Mumbai
2006-09-22,26.8,25.0,31.2,5.1,Mumbai
2006-09-23,27.4,25.0,31.6,0.5,Mumbai
2006-09-24,27.7,25.0,32.3,1.0,Mumbai
2006-09-25,27.8,24.9,32.1,0.3,Mumbai
2006-09-26,26.5,24.9,29.1,0.0,Mumbai
2006-09-27,27.0,24.8,31.0,5.1,Mumbai
2006-09-28,27.1,25.0,30.8,0.0,Mumbai
2006-09-29,28.3,25.2,31.1,6.1,Mumbai
2006-09-30,28.2,23.9,30.8,21.1,Mumbai
2006-10-01,25.8,23.9,30.4,22.1,Mumbai
2006-10-02,26.4,23.9,30.0,81.0,Mumbai
2006-10-03,28.2,24.0,32.4,96.0,Mumbai
2006-10-04,27.8,24.3,31.2,0.0,Mumbai
2006-10-05,28.0,24.6,31.7,2.0,Mumbai
2006-10-06,28.1,24.8,31.5,0.0,Mumbai
2006-10-07,27.8,25.1,31.8,0.0,Mumbai
2006-10-08,27.5,24.4,30.8,0.0,Mumbai
2006-10-09,27.9,24.3,31.8,0.0,Mumbai
2006-10-10,28.3,25.0,32.0,0.0,Mumbai
2006-10-11,28.5,25.8,32.7,0.0,Mumbai
2006-10-12,28.7,25.8,32.8,0.0,Mumbai
2006-10-13,29.5,25.9,35.1,0.0,Mumbai
2006-10-14,30.1,25.3,36.5,0.0,Mumbai
2006-10-15,30.2,24.8,35.9,0.0,Mumbai
2006-10-16,30.6,23.5,36.2,0.0,Mumbai
2006-10-17,30.2,24.0,36.8,0.0,Mumbai
2006-10-18,29.9,24.7,35.4,0.0,Mumbai
2006-10-19,29.2,24.0,35.8,0.0,Mumbai
2006-10-20,29.3,23.1,36.0,0.0,Mumbai
2006-10-21,29.8,24.3,35.5,0.0,Mumbai
2006-10-22,29.7,23.8,36.0,0.0,Mumbai
2006-10-23,29.6,23.3,36.0,0.0,Mumbai
2006-10-24,29.7,23.2,36.0,0.0,Mumbai
2006-10-25,30.1,23.0,35.8,0.0,Mumbai
2006-10-26,29.4,22.9,36.0,0.0,Mumbai
2006-10-27,29.8,22.9,35.3,0.0,Mumbai
2006-10-28,29.7,22.9,34.9,0.0,Mumbai
2006-10-29,29.2,23.5,35.1,0.0,Mumbai
2006-10-30,29.3,24.0,34.3,0.0,Mumbai
2006-10-31,29.3,23.4,35.6,0.0,Mumbai
2006-11-01,28.7,22.9,35.3,0.0,Mumbai
2006-11-02,28.6,24.4,35.3,0.0,Mumbai
2006-11-03,28.1,22.9,33.0,0.0,Mumbai
2006-11-04,28.8,23.2,33.6,0.0,Mumbai
2006-11-05,27.4,22.6,35.0,0.0,Mumbai
2006-11-06,27.7,22.1,33.8,0.0,Mumbai
2006-11-07,27.9,22.2,33.6,0.0,Mumbai
2006-11-08,27.7,21.8,33.0,0.0,Mumbai
2006-11-09,28.2,21.5,34.0,0.0,Mumbai
2006-11-10,28.0,20.6,34.1,0.0,Mumbai
2006-11-11,28.2,19.8,34.5,0.0,Mumbai
2006-11-12,27.7,19.9,33.6,0.0,Mumbai
2006-11-13,27.7,20.5,34.0,0.0,Mumbai
2006-11-14,28.0,20.8,34.6,0.0,Mumbai
2006-11-15,28.4,21.2,35.1,0.0,Mumbai
2006-11-16,28.2,21.3,35.6,0.0,Mumbai
2006-11-17,28.4,20.7,35.0,0.0,Mumbai
2006-11-18,28.6,21.3,35.0,0.0,Mumbai
2006-11-19,28.4,21.3,35.5,0.0,Mumbai
2006-11-20,28.8,22.6,35.7,0.0,Mumbai
2006-11-21,28.4,22.0,34.7,0.0,Mumbai
2006-11-22,27.8,24.0,31.8,0.0,Mumbai
2006-11-23,27.7,23.8,32.5,0.0,Mumbai
2006-11-24,27.4,23.5,32.1,0.0,Mumbai
2006-11-25,27.4,22.2,32.5,0.0,Mumbai
2006-11-26,27.3,20.9,33.8,0.0,Mumbai
2006-11-27,27.4,19.6,33.2,0.0,Mumbai
2006-11-28,27.4,19.4,34.0,0.0,Mumbai
2006-11-29,27.4,22.7,34.5,0.0,Mumbai
2006-11-30,27.4,22.0,32.7,0.0,Mumbai
2006-12-01,27.1,22.8,32.8,0.0,Mumbai
2006-12-02,26.7,21.6,32.5,0.0,Mumbai
2006-12-03,26.8,20.5,33.6,0.0,Mumbai
2006-12-04,27.4,19.3,35.0,0.0,Mumbai
2006-12-05,26.9,19.9,33.5,0.0,Mumbai
2006-12-06,26.5,20.4,33.8,0.0,Mumbai
2006-12-07,26.5,20.3,34.0,0.0,Mumbai
2006-12-08,25.9,19.7,33.4,0.0,Mumbai
2006-12-09,25.7,18.8,33.3,0.0,Mumbai
2006-12-10,25.3,18.3,32.5,0.0,Mumbai
2006-12-11,24.9,17.1,31.2,0.0,Mumbai
2006-12-12,25.6,16.3,33.4,0.0,Mumbai
2006-12-13,26.6,18.1,33.3,0.0,Mumbai
2006-12-14,28.2,19.9,35.2,0.0,Mumbai
2006-12-15,27.2,18.6,34.2,0.0,Mumbai
2006-12-16,27.1,17.4,34.4,0.0,Mumbai
2006-12-17,27.0,16.6,34.2,0.0,Mumbai
2006-12-18,25.7,15.6,33.6,0.0,Mumbai
2006-12-19,26.1,16.5,34.8,0.0,Mumbai
2006-12-20,26.0,16.7,33.8,0.0,Mumbai
2006-12-21,25.1,17.4,33.0,0.0,Mumbai
2006-12-22,26.2,19.1,33.7,0.0,Mumbai
2006-12-23,26.7,18.4,33.6,0.0,Mumbai
2006-12-24,26.3,18.5,33.0,0.0,Mumbai
2006-12-25,25.7,18.5,32.0,0.0,Mumbai
2006-12-26,25.4,18.6,32.5,0.0,Mumbai
2006-12-27,25.7,19.0,31.4,0.0,Mumbai
2006-12-28,26.0,19.2,33.7,0.0,Mumbai
2006-12-29,25.8,18.3,33.3,0.0,Mumbai
2006-12-30,25.8,19.4,32.0,0.0,Mumbai
2006-12-31,24.4,17.2,30.8,0.0,Mumbai
2007-01-01,24.3,15.5,32.0,0.0,Mumbai
2007-01-02,24.3,16.3,31.8,0.0,Mumbai
2007-01-03,23.7,15.8,30.4,0.0,Mumbai
2007-01-04,23.7,15.4,29.0,0.0,Mumbai
2007-01-05,23.1,16.3,29.2,0.0,Mumbai
2007-01-06,23.4,16.5,29.4,0.0,Mumbai
2007-01-07,25.6,16.8,34.0,0.0,Mumbai
2007-01-08,25.7,18.3,33.3,0.0,Mumbai
2007-01-09,25.3,19.0,32.3,0.0,Mumbai
2007-01-10,25.7,18.4,32.1,0.0,Mumbai
2007-01-11,25.6,17.9,33.1,0.0,Mumbai
2007-01-12,23.4,17.5,30.1,0.0,Mumbai
2007-01-13,24.3,16.8,31.0,0.0,Mumbai
2007-01-14,23.9,17.5,32.0,0.0,Mumbai
2007-01-15,24.2,17.7,31.0,0.0,Mumbai
2007-01-16,24.1,16.4,31.0,0.0,Mumbai
2007-01-17,24.0,15.0,30.2,0.0,Mumbai
2007-01-18,26.1,19.5,34.3,0.0,Mumbai
2007-01-19,26.1,18.1,34.0,0.0,Mumbai
2007-01-20,24.8,17.1,31.8,0.0,Mumbai
2007-01-21,24.9,17.0,32.1,0.0,Mumbai
2007-01-22,24.4,16.3,32.3,0.0,Mumbai
2007-01-23,23.5,15.1,30.3,0.0,Mumbai
2007-01-24,27.4,17.4,35.6,0.0,Mumbai
2007-01-25,27.7,21.7,35.6,0.0,Mumbai
2007-01-26,26.8,21.0,35.0,0.0,Mumbai
2007-01-27,27.2,19.9,33.7,0.0,Mumbai
2007-01-28,28.2,21.2,35.4,0.0,Mumbai
2007-01-29,28.2,23.6,33.0,0.0,Mumbai
2007-01-30,28.9,23.0,35.8,0.0,Mumbai
2007-01-31,29.0,22.3,36.4,0.0,Mumbai
2007-02-01,29.1,21.6,37.2,0.0,Mumbai
2007-02-02,25.2,18.2,30.9,0.0,Mumbai
2007-02-03,24.8,18.9,31.0,0.0,Mumbai
2007-02-04,23.9,17.3,29.6,0.0,Mumbai
2007-02-05,24.0,17.2,29.0,0.0,Mumbai
2007-02-06,24.9,18.2,30.7,0.0,Mumbai
2007-02-07,24.3,18.4,29.8,0.0,Mumbai
2007-02-08,24.9,19.7,31.5,0.0,Mumbai
2007-02-09,24.7,20.6,29.0,0.0,Mumbai
2007-02-10,25.0,20.6,30.2,0.0,Mumbai
2007-02-11,25.3,22.0,30.3,0.0,Mumbai
2007-02-12,23.9,20.7,28.7,0.0,Mumbai
2007-02-13,23.7,19.5,28.5,0.3,Mumbai
2007-02-14,24.0,18.2,28.8,0.0,Mumbai
2007-02-15,24.2,18.8,29.1,0.0,Mumbai
2007-02-16,24.6,19.4,29.3,0.0,Mumbai
2007-02-17,25.4,19.2,30.3,0.0,Mumbai
2007-02-18,26.1,19.0,31.6,0.0,Mumbai
2007-02-19,28.6,19.9,36.0,0.0,Mumbai
2007-02-20,29.2,23.3,36.0,0.0,Mumbai
2007-02-21,28.9,22.6,36.0,0.0,Mumbai
2007-02-22,28.2,22.0,35.7,0.0,Mumbai
2007-02-23,27.8,21.3,35.6,0.0,Mumbai
2007-02-24,26.4,20.6,32.2,0.0,Mumbai
2007-02-25,26.3,20.0,31.8,0.0,Mumbai
2007-02-26,25.8,19.4,30.8,0.0,Mumbai
2007-02-27,25.7,19.2,31.3,0.0,Mumbai
2007-02-28,24.8,19.0,30.6,0.0,Mumbai
2007-03-01,25.7,21.1,30.0,0.0,Mumbai
2007-03-02,25.8,20.4,30.8,0.0,Mumbai
2007-03-03,27.4,19.7,33.3,0.0,Mumbai
2007-03-04,28.5,20.4,37.0,0.0,Mumbai
2007-03-05,29.8,21.6,37.0,0.0,Mumbai
2007-03-06,28.2,20.2,34.3,0.0,Mumbai
2007-03-07,27.0,18.9,34.5,0.0,Mumbai
2007-03-08,26.6,20.9,31.5,0.0,Mumbai
2007-03-09,26.8,20.0,32.7,0.0,Mumbai
2007-03-10,27.7,19.7,34.0,0.0,Mumbai
2007-03-11,27.4,21.1,33.5,0.0,Mumbai
2007-03-12,26.8,22.7,32.7,0.0,Mumbai
2007-03-13,26.5,22.4,31.0,0.0,Mumbai
2007-03-14,27.3,22.2,34.0,0.0,Mumbai
2007-03-15,28.7,19.9,36.8,0.0,Mumbai
2007-03-16,30.6,21.2,40.0,0.0,Mumbai
2007-03-17,29.0,22.9,36.0,0.0,Mumbai
2007-03-18,29.2,23.2,34.0,0.0,Mumbai
2007-03-19,28.7,23.4,34.0,0.0,Mumbai
2007-03-20,29.2,23.3,35.6,0.0,Mumbai
2007-03-21,27.3,22.7,32.1,0.0,Mumbai
2007-03-22,25.7,22.0,30.0,0.0,Mumbai
2007-03-23,27.4,21.4,33.3,0.0,Mumbai
2007-03-24,28.3,23.3,32.5,0.0,Mumbai
2007-03-25,29.2,23.4,35.3,0.0,Mumbai
2007-03-26,29.5,23.3,35.6,0.0,Mumbai
2007-03-27,30.2,24.2,35.4,0.0,Mumbai
2007-03-28,30.3,23.6,37.0,0.0,Mumbai
2007-03-29,28.3,25.1,33.2,0.0,Mumbai
2007-03-30,27.9,24.4,31.8,0.0,Mumbai
2007-03-31,28.5,24.2,33.0,0.0,Mumbai
2007-04-01,28.6,24.0,32.8,0.0,Mumbai
2007-04-02,30.3,23.8,34.4,0.0,Mumbai
2007-04-03,30.8,25.0,36.0,0.0,Mumbai
2007-04-04,32.3,24.4,38.0,0.0,Mumbai
2007-04-05,32.1,25.5,35.8,0.0,Mumbai
2007-04-06,29.2,26.6,33.7,0.0,Mumbai
2007-04-07,29.3,26.2,33.9,0.0,Mumbai
2007-04-08,28.9,25.7,33.0,0.0,Mumbai
2007-04-09,29.4,24.3,33.6,0.0,Mumbai
2007-04-10,29.1,23.8,33.5,0.0,Mumbai
2007-04-11,29.5,23.8,34.5,0.0,Mumbai
2007-04-12,28.4,23.2,33.4,0.0,Mumbai
2007-04-13,28.0,24.8,32.1,0.0,Mumbai
2007-04-14,28.6,24.6,33.7,0.0,Mumbai
2007-04-15,28.7,24.4,32.9,0.0,Mumbai
2007-04-16,29.1,25.5,34.0,0.0,Mumbai
2007-04-17,29.0,25.3,33.4,0.0,Mumbai
2007-04-18,28.9,26.5,32.8,0.0,Mumbai
2007-04-19,29.0,26.2,32.9,0.0,Mumbai
2007-04-20,29.6,26.4,33.4,0.0,Mumbai
2007-04-21,28.7,25.5,32.6,0.0,Mumbai
2007-04-22,28.5,25.0,33.0,0.0,Mumbai
2007-04-23,29.1,24.4,35.0,0.0,Mumbai
2007-04-24,29.3,24.0,34.0,0.0,Mumbai
2007-04-25,29.1,24.0,34.0,0.0,Mumbai
2007-04-26,30.2,24.3,37.0,0.0,Mumbai
2007-04-27,29.8,26.5,33.4,0.0,Mumbai
2007-04-28,29.9,26.6,33.3,0.0,Mumbai
2007-04-29,29.8,26.1,33.5,0.0,Mumbai
2007-04-30,29.9,26.5,33.5,0.0,Mumbai
2007-05-01,29.8,26.1,33.5,0.0,Mumbai
2007-05-02,29.6,25.7,33.5,0.0,Mumbai
2007-05-03,29.3,25.4,33.0,0.0,Mumbai
2007-05-04,29.6,25.6,33.3,0.0,Mumbai
2007-05-05,29.3,26.0,33.2,0.0,Mumbai
2007-05-06,29.5,26.2,33.3,0.0,Mumbai
2007-05-07,29.8,27.0,34.2,0.0,Mumbai
2007-05-08,30.0,27.9,33.9,0.0,Mumbai
2007-05-09,30.1,28.6,33.7,0.0,Mumbai
2007-05-10,29.9,27.8,33.7,0.0,Mumbai
2007-05-11,29.7,27.1,33.5,0.0,Mumbai
2007-05-12,29.8,26.7,33.7,0.0,Mumbai
2007-05-13,30.1,27.8,33.8,0.0,Mumbai
2007-05-14,29.8,27.6,33.7,0.0,Mumbai
2007-05-15,29.7,27.5,33.2,0.0,Mumbai
2007-05-16,30.2,27.5,34.0,0.0,Mumbai
2007-05-17,30.6,28.8,34.7,0.0,Mumbai
2007-05-18,30.2,28.3,33.8,0.0,Mumbai
2007-05-19,30.4,27.9,34.1,0.0,Mumbai
2007-05-20,30.4,28.2,34.0,0.0,Mumbai
2007-05-21,30.4,28.4,34.5,0.0,Mumbai
2007-05-22,30.4,28.7,34.7,0.0,Mumbai
2007-05-23,30.6,28.3,34.2,0.0,Mumbai
2007-05-24,30.4,28.6,34.1,0.0,Mumbai
2007-05-25,30.3,28.2,34.0,0.0,Mumbai
2007-05-26,30.7,28.2,34.5,0.0,Mumbai
2007-05-27,30.7,28.2,34.5,0.0,Mumbai
2007-05-28,30.8,27.8,34.2,0.0,Mumbai
2007-05-29,30.8,27.5,34.3,0.0,Mumbai
2007-05-30,31.0,28.5,34.5,0.0,Mumbai
2007-05-31,29.8,26.5,35.1,0.0,Mumbai
2007-06-01,29.8,24.5,34.6,7.1,Mumbai
2007-06-02,28.8,25.1,34.7,0.0,Mumbai
2007-06-03,29.2,25.6,35.0,7.1,Mumbai
2007-06-04,30.8,26.2,35.3,2.0,Mumbai
2007-06-05,30.8,27.0,35.7,0.0,Mumbai
2007-06-06,30.7,27.8,35.0,0.0,Mumbai
2007-06-07,30.8,28.6,34.3,4.1,Mumbai
2007-06-08,30.9,29.2,34.5,0.0,Mumbai
2007-06-09,30.9,28.7,34.7,0.0,Mumbai
2007-06-10,30.9,28.3,34.3,0.0,Mumbai
2007-06-11,31.0,27.8,34.6,0.0,Mumbai
2007-06-12,31.3,27.4,35.0,0.0,Mumbai
2007-06-13,29.9,26.9,34.8,0.8,Mumbai
2007-06-14,28.9,26.5,33.3,0.0,Mumbai
2007-06-15,28.7,26.0,33.3,17.0,Mumbai
2007-06-16,28.9,26.8,34.9,3.0,Mumbai
2007-06-17,27.6,26.0,32.1,0.0,Mumbai
2007-06-18,27.8,25.1,32.3,22.1,Mumbai
2007-06-19,27.8,25.6,31.9,22.1,Mumbai
2007-06-20,27.3,25.3,31.8,33.0,Mumbai
2007-06-21,28.8,25.3,33.5,8.9,Mumbai
2007-06-22,28.6,25.1,32.3,7.1,Mumbai
2007-06-23,28.4,24.8,30.4,26.9,Mumbai
2007-06-24,26.9,24.6,28.6,210.1,Mumbai
2007-06-25,28.9,24.1,31.6,84.1,Mumbai
2007-06-26,28.9,24.5,32.2,10.9,Mumbai
2007-06-27,28.3,24.9,31.6,17.0,Mumbai
2007-06-28,26.1,24.6,29.7,8.9,Mumbai
2007-06-29,25.8,24.4,28.6,85.1,Mumbai
2007-06-30,26.9,24.2,28.8,174.0,Mumbai
2007-07-01,27.6,25.7,29.0,257.0,Mumbai
2007-07-02,28.2,26.0,30.3,45.0,Mumbai
2007-07-03,27.1,25.7,30.4,36.1,Mumbai
2007-07-04,28.1,25.5,30.6,69.1,Mumbai
2007-07-05,27.9,25.2,29.8,27.9,Mumbai
2007-07-06,28.5,26.3,31.5,9.9,Mumbai
2007-07-07,28.2,26.8,30.3,2.0,Mumbai
2007-07-08,28.2,26.9,29.0,0.5,Mumbai
2007-07-09,28.4,27.0,30.5,6.1,Mumbai
2007-07-10,28.4,27.0,31.4,1.0,Mumbai
2007-07-11,28.4,27.0,31.8,1.0,Mumbai
2007-07-12,28.1,27.0,31.6,5.1,Mumbai
2007-07-13,28.4,26.5,31.6,4.1,Mumbai
2007-07-14,28.6,26.2,31.5,8.9,Mumbai
2007-07-15,28.5,26.8,31.8,2.0,Mumbai
2007-07-16,28.7,27.0,31.7,3.0,Mumbai
2007-07-17,28.6,27.2,31.8,3.0,Mumbai
2007-07-18,28.2,26.5,31.5,0.0,Mumbai
2007-07-19,28.6,25.8,31.8,9.9,Mumbai
2007-07-20,28.9,26.2,31.8,3.0,Mumbai
2007-07-21,28.4,26.0,31.7,1.0,Mumbai
2007-07-22,28.6,25.0,31.8,8.9,Mumbai
2007-07-23,28.7,25.8,32.5,0.0,Mumbai
2007-07-24,29.3,26.2,33.1,0.3,Mumbai
2007-07-25,29.2,26.8,31.5,0.0,Mumbai
2007-07-26,28.8,26.6,32.2,0.0,Mumbai
2007-07-27,26.8,25.4,31.0,0.0,Mumbai
2007-07-28,26.8,24.1,30.0,0.0,Mumbai
2007-07-29,26.2,23.8,29.0,62.0,Mumbai
2007-07-30,27.4,24.3,30.1,99.1,Mumbai
2007-07-31,27.6,24.1,29.6,4.1,Mumbai
2007-08-01,26.4,24.0,29.2,3.0,Mumbai
2007-08-02,26.3,23.8,30.4,36.1,Mumbai
2007-08-03,26.4,24.0,30.3,83.1,Mumbai
2007-08-04,27.1,25.0,30.1,63.0,Mumbai
2007-08-05,28.1,24.7,30.0,24.9,Mumbai
2007-08-06,28.3,24.4,30.3,35.1,Mumbai
2007-08-07,26.6,24.4,30.5,7.1,Mumbai
2007-08-08,28.3,24.5,30.6,101.1,Mumbai
2007-08-09,28.5,26.5,30.8,2.0,Mumbai
2007-08-10,28.8,26.3,31.0,5.1,Mumbai
2007-08-11,28.4,25.7,30.9,7.1,Mumbai
2007-08-12,28.4,26.7,30.2,2.0,Mumbai
2007-08-13,28.5,26.1,30.2,4.1,Mumbai
2007-08-14,28.2,25.5,30.0,3.0,Mumbai
2007-08-15,28.3,25.4,30.4,5.1,Mumbai
2007-08-16,28.6,26.6,31.0,1.0,Mumbai
2007-08-17,28.3,26.4,30.9,0.3,Mumbai
2007-08-18,28.4,26.9,31.0,1.0,Mumbai
2007-08-19,27.1,25.7,29.0,2.0,Mumbai
2007-08-20,28.3,24.8,31.0,29.0,Mumbai
2007-08-21,28.7,26.3,31.1,7.1,Mumbai
2007-08-22,28.4,26.3,31.3,0.5,Mumbai
2007-08-23,28.1,24.8,31.0,8.9,Mumbai
2007-08-24,28.9,24.8,31.6,5.1,Mumbai
2007-08-25,28.5,26.5,31.4,0.0,Mumbai
2007-08-26,28.0,26.0,31.1,2.0,Mumbai
2007-08-27,27.6,25.8,30.9,0.5,Mumbai
2007-08-28,26.4,25.6,30.5,0.0,Mumbai
2007-08-29,26.9,25.4,30.1,0.0,Mumbai
2007-08-30,27.1,25.2,29.7,0.0,Mumbai
2007-08-31,27.7,25.5,29.6,0.0,Mumbai
2007-09-01,27.8,25.3,29.6,0.0,Mumbai
2007-09-02,27.7,25.1,30.9,13.0,Mumbai
2007-09-03,27.6,25.0,31.1,3.0,Mumbai
2007-09-04,27.9,25.4,30.5,21.1,Mumbai
2007-09-05,27.7,25.8,30.4,18.0,Mumbai
2007-09-06,27.9,25.2,31.0,18.0,Mumbai
2007-09-07,27.3,25.2,31.0,14.0,Mumbai
2007-09-08,28.3,25.0,31.1,17.0,Mumbai
2007-09-09,28.6,25.2,31.3,0.5,Mumbai
2007-09-10,28.6,25.3,31.7,0.3,Mumbai
2007-09-11,28.7,24.6,32.0,4.1,Mumbai
2007-09-12,29.2,24.5,32.0,0.0,Mumbai
2007-09-13,29.4,26.2,32.0,0.0,Mumbai
2007-09-14,29.5,26.2,32.5,0.0,Mumbai
2007-09-15,28.8,24.7,32.4,7.9,Mumbai
2007-09-16,28.9,24.4,32.0,5.1,Mumbai
2007-09-17,29.4,25.0,32.4,0.0,Mumbai
2007-09-18,26.8,24.6,29.1,0.0,Mumbai
2007-09-19,27.1,24.1,29.6,40.9,Mumbai
2007-09-20,26.7,24.4,30.0,42.9,Mumbai
2007-09-21,25.8,24.2,30.3,45.0,Mumbai
2007-09-22,26.6,24.2,30.5,26.9,Mumbai
2007-09-23,27.6,24.7,30.8,19.1,Mumbai
2007-09-24,27.5,24.8,30.4,6.1,Mumbai
2007-09-25,28.2,25.0,30.0,30.0,Mumbai
2007-09-26,27.1,24.5,31.0,51.1,Mumbai
2007-09-27,28.2,24.8,32.1,41.9,Mumbai
2007-09-28,27.3,24.8,31.7,0.5,Mumbai
2007-09-29,28.0,24.7,31.3,6.1,Mumbai
2007-09-30,28.5,24.3,31.4,0.0,Mumbai
2007-10-01,28.8,23.5,32.4,0.0,Mumbai
2007-10-02,28.5,22.6,32.1,0.0,Mumbai
2007-10-03,29.0,24.3,32.1,0.0,Mumbai
2007-10-04,28.8,25.2,32.9,0.0,Mumbai
2007-10-05,28.8,24.6,32.5,0.0,Mumbai
2007-10-06,28.7,24.0,31.6,0.0,Mumbai
2007-10-07,28.8,24.0,32.0,0.0,Mumbai
2007-10-08,27.8,24.4,30.8,0.0,Mumbai
2007-10-09,27.4,24.7,29.6,0.0,Mumbai
2007-10-10,29.4,24.6,32.6,0.0,Mumbai
2007-10-11,30.9,25.7,35.5,0.0,Mumbai
2007-10-12,30.8,25.5,35.8,0.0,Mumbai
2007-10-13,30.4,23.3,34.7,0.0,Mumbai
2007-10-14,30.2,21.1,34.4,0.0,Mumbai
2007-10-15,29.2,21.8,34.1,0.0,Mumbai
2007-10-16,29.4,22.9,35.3,0.0,Mumbai
2007-10-17,29.5,21.3,35.0,0.0,Mumbai
2007-10-18,30.2,20.0,36.1,0.0,Mumbai
2007-10-19,29.8,18.7,35.7,0.0,Mumbai
2007-10-20,29.2,19.8,35.2,0.0,Mumbai
2007-10-21,29.2,20.5,34.8,0.0,Mumbai
2007-10-22,30.4,20.8,35.0,0.0,Mumbai
2007-10-23,30.4,21.2,35.2,0.0,Mumbai
2007-10-24,29.7,21.7,35.3,0.0,Mumbai
2007-10-25,30.1,21.2,35.5,0.0,Mumbai
2007-10-26,29.2,20.4,35.6,0.0,Mumbai
2007-10-27,30.1,21.8,35.8,0.0,Mumbai
2007-10-28,28.7,21.8,35.7,0.0,Mumbai
2007-10-29,28.3,19.2,34.0,0.0,Mumbai
2007-10-30,30.2,19.6,33.8,0.0,Mumbai
2007-10-31,28.9,23.2,33.5,0.0,Mumbai
2007-11-01,28.2,24.1,34.0,0.0,Mumbai
2007-11-02,29.2,25.0,34.6,0.0,Mumbai
2007-11-03,29.7,24.8,35.0,0.0,Mumbai
2007-11-04,30.0,24.7,35.0,0.0,Mumbai
2007-11-05,30.5,24.4,36.3,0.0,Mumbai
2007-11-06,30.0,24.2,35.7,0.0,Mumbai
2007-11-07,29.7,23.8,35.1,0.0,Mumbai
2007-11-08,29.6,23.5,34.4,0.0,Mumbai
2007-11-09,29.2,23.1,33.8,0.0,Mumbai
2007-11-10,28.8,22.2,33.2,0.0,Mumbai
2007-11-11,29.3,22.3,33.3,0.0,Mumbai
2007-11-12,28.8,22.0,33.1,0.0,Mumbai
2007-11-13,28.8,21.8,33.8,0.0,Mumbai
2007-11-14,29.0,20.6,34.5,0.0,Mumbai
2007-11-15,28.7,18.8,34.1,0.0,Mumbai
2007-11-16,28.4,18.1,34.0,0.0,Mumbai
2007-11-17,28.8,21.1,34.0,0.0,Mumbai
2007-11-18,27.3,18.0,33.5,0.0,Mumbai
2007-11-19,26.9,16.9,33.5,0.0,Mumbai
2007-11-20,28.6,18.7,34.5,0.0,Mumbai
2007-11-21,27.8,18.2,33.6,0.0,Mumbai
2007-11-22,27.2,17.8,33.5,0.0,Mumbai
2007-11-23,27.6,16.3,33.7,0.0,Mumbai
2007-11-24,26.8,15.7,33.7,0.0,Mumbai
2007-11-25,26.2,15.0,33.0,0.0,Mumbai
2007-11-26,26.1,14.4,33.6,0.0,Mumbai
2007-11-27,27.2,15.1,34.3,0.0,Mumbai
2007-11-28,27.3,17.1,34.7,0.0,Mumbai
2007-11-29,27.8,18.0,33.8,0.0,Mumbai
2007-11-30,28.1,20.1,33.0,0.0,Mumbai
2007-12-01,27.2,18.8,33.5,0.0,Mumbai
2007-12-02,27.1,17.6,33.4,0.0,Mumbai
2007-12-03,27.6,17.9,33.3,0.0,Mumbai
2007-12-04,28.1,20.0,33.3,0.0,Mumbai
2007-12-05,27.6,19.2,31.7,0.0,Mumbai
2007-12-06,26.7,18.4,32.0,0.0,Mumbai
2007-12-07,25.5,17.6,31.8,0.0,Mumbai
2007-12-08,25.7,16.2,32.2,0.0,Mumbai
2007-12-09,25.7,17.4,32.5,0.0,Mumbai
2007-12-10,25.5,18.2,32.0,0.0,Mumbai
2007-12-11,26.0,17.2,31.8,0.0,Mumbai
2007-12-12,25.5,20.0,31.6,0.0,Mumbai
2007-12-13,25.3,18.1,31.2,0.0,Mumbai
2007-12-14,25.4,18.0,32.0,0.0,Mumbai
2007-12-15,26.3,17.2,32.2,0.0,Mumbai
2007-12-16,27.8,19.5,34.0,0.0,Mumbai
2007-12-17,28.6,19.8,34.1,0.0,Mumbai
2007-12-18,27.7,20.0,34.0,0.0,Mumbai
2007-12-19,28.1,20.9,33.6,0.0,Mumbai
2007-12-20,29.5,21.4,34.4,0.0,Mumbai
2007-12-21,30.1,21.8,35.3,0.0,Mumbai
2007-12-22,29.6,20.9,35.2,0.0,Mumbai
2007-12-23,28.5,20.0,35.0,0.0,Mumbai
2007-12-24,27.6,18.6,33.8,0.0,Mumbai
2007-12-25,26.6,17.4,32.5,0.0,Mumbai
2007-12-26,26.1,17.8,31.9,0.0,Mumbai
2007-12-27,24.9,16.1,31.2,0.0,Mumbai
2007-12-28,24.2,14.9,30.6,0.0,Mumbai
2007-12-29,24.4,13.8,30.0,0.0,Mumbai
2007-12-30,23.8,14.5,29.8,0.0,Mumbai
2007-12-31,24.0,15.8,31.7,0.0,Mumbai
2008-01-01,23.3,15.1,29.0,0.0,Mumbai
2008-01-02,22.8,12.2,29.1,0.0,Mumbai
2008-01-03,23.8,13.6,30.4,0.0,Mumbai
2008-01-04,25.2,14.0,31.7,0.0,Mumbai
2008-01-05,25.9,15.2,33.0,0.0,Mumbai
2008-01-06,26.0,15.1,34.7,0.0,Mumbai
2008-01-07,26.0,15.4,34.0,0.0,Mumbai
2008-01-08,26.3,15.6,33.1,0.0,Mumbai
2008-01-09,25.8,15.9,32.5,0.0,Mumbai
2008-01-10,25.6,16.7,32.1,0.0,Mumbai
2008-01-11,24.9,16.4,31.7,0.0,Mumbai
2008-01-12,26.1,16.0,34.5,0.0,Mumbai
2008-01-13,25.4,16.2,34.2,0.0,Mumbai
2008-01-14,27.0,16.2,34.0,0.0,Mumbai
2008-01-15,27.8,18.0,35.1,0.0,Mumbai
2008-01-16,29.1,19.0,35.1,0.0,Mumbai
2008-01-17,27.6,18.8,35.1,0.0,Mumbai
2008-01-18,24.9,17.7,30.1,0.0,Mumbai
2008-01-19,22.6,15.3,27.3,0.0,Mumbai
2008-01-20,22.4,12.9,27.8,0.0,Mumbai
2008-01-21,22.8,13.2,28.2,0.0,Mumbai
2008-01-22,22.7,13.5,28.0,0.0,Mumbai
2008-01-23,21.9,12.0,27.5,0.0,Mumbai
2008-01-24,22.1,12.6,27.2,0.0,Mumbai
2008-01-25,21.8,11.4,27.0,0.0,Mumbai
2008-01-26,21.2,10.8,27.2,0.0,Mumbai
2008-01-27,20.9,10.2,27.5,0.0,Mumbai
2008-01-28,23.8,12.1,30.5,0.0,Mumbai
2008-01-29,23.4,12.3,29.7,0.0,Mumbai
2008-01-30,23.2,14.0,29.0,0.0,Mumbai
2008-01-31,21.4,13.6,28.3,0.0,Mumbai
2008-02-01,22.7,10.9,30.4,0.0,Mumbai
2008-02-02,22.7,12.2,29.5,0.0,Mumbai
2008-02-03,22.5,16.4,26.7,0.0,Mumbai
2008-02-04,20.4,13.3,24.5,0.0,Mumbai
2008-02-05,19.2,10.2,24.0,0.0,Mumbai
2008-02-06,20.2,9.4,23.6,0.0,Mumbai
2008-02-07,17.7,9.0,23.2,0.0,Mumbai
2008-02-08,17.9,8.5,22.3,0.0,Mumbai
2008-02-09,21.2,8.6,26.4,0.0,Mumbai
2008-02-10,23.3,12.4,29.0,0.0,Mumbai
2008-02-11,23.1,13.4,30.8,0.0,Mumbai
2008-02-12,24.4,14.0,32.7,0.0,Mumbai
2008-02-13,25.9,17.2,30.1,0.0,Mumbai
2008-02-14,26.9,17.4,32.4,0.0,Mumbai
2008-02-15,27.6,16.2,31.7,0.0,Mumbai
2008-02-16,25.7,17.0,31.0,0.0,Mumbai
2008-02-17,26.2,14.9,31.4,0.0,Mumbai
2008-02-18,25.3,15.4,31.2,0.0,Mumbai
2008-02-19,24.7,15.3,30.3,0.0,Mumbai
2008-02-20,25.4,18.7,29.5,0.0,Mumbai
2008-02-21,25.6,17.5,30.4,0.0,Mumbai
2008-02-22,25.9,15.9,31.4,0.0,Mumbai
2008-02-23,24.7,19.8,32.4,0.0,Mumbai
2008-02-24,24.5,17.6,33.3,0.0,Mumbai
2008-02-25,24.9,15.5,34.2,0.0,Mumbai
2008-02-26,27.3,14.4,35.2,0.0,Mumbai
2008-02-27,29.0,17.0,37.6,0.0,Mumbai
2008-02-28,28.8,16.6,37.4,0.0,Mumbai
2008-02-29,28.8,15.8,37.0,0.0,Mumbai
2008-03-01,28.3,17.0,35.6,0.0,Mumbai
2008-03-02,27.4,15.8,34.3,0.0,Mumbai
2008-03-03,26.6,17.8,32.1,0.0,Mumbai
2008-03-04,26.8,18.8,31.8,0.0,Mumbai
2008-03-05,26.8,19.7,31.8,0.0,Mumbai
2008-03-06,28.0,19.2,31.7,0.0,Mumbai
2008-03-07,28.2,17.9,31.7,0.0,Mumbai
2008-03-08,29.3,19.6,31.7,0.0,Mumbai
2008-03-09,28.5,20.2,31.6,0.0,Mumbai
2008-03-10,27.0,20.1,31.6,0.0,Mumbai
2008-03-11,27.5,23.3,33.1,0.0,Mumbai
2008-03-12,27.3,22.1,31.3,0.0,Mumbai
2008-03-13,27.3,21.0,31.1,0.0,Mumbai
2008-03-14,27.3,19.8,31.4,0.0,Mumbai
2008-03-15,28.3,21.2,32.4,0.0,Mumbai
2008-03-16,29.7,19.2,32.6,0.0,Mumbai
2008-03-17,29.7,20.3,32.9,0.0,Mumbai
2008-03-18,28.4,20.3,33.1,0.0,Mumbai
2008-03-19,27.3,22.4,32.7,0.0,Mumbai
2008-03-20,27.2,20.4,32.2,0.0,Mumbai
2008-03-21,28.6,21.6,33.0,0.0,Mumbai
2008-03-22,28.8,24.7,33.0,0.0,Mumbai
2008-03-23,28.1,24.7,32.0,0.0,Mumbai
2008-03-24,27.9,23.7,32.3,0.0,Mumbai
2008-03-25,27.8,22.9,31.8,0.0,Mumbai
2008-03-26,27.7,22.5,31.0,0.0,Mumbai
2008-03-27,27.7,22.9,31.1,0.0,Mumbai
2008-03-28,28.2,23.7,31.6,0.0,Mumbai
2008-03-29,28.1,23.2,32.0,0.0,Mumbai
2008-03-30,27.7,22.1,31.7,0.0,Mumbai
2008-03-31,26.7,21.4,30.5,0.0,Mumbai
2008-04-01,26.3,20.8,30.5,0.0,Mumbai
2008-04-02,26.7,20.9,30.6,0.0,Mumbai
2008-04-03,27.4,20.8,31.4,0.0,Mumbai
2008-04-04,26.9,21.7,31.0,0.0,Mumbai
2008-04-05,27.5,21.4,31.4,0.0,Mumbai
2008-04-06,28.6,22.6,32.0,0.0,Mumbai
2008-04-07,28.9,23.5,33.8,0.0,Mumbai
2008-04-08,29.0,22.8,33.1,0.0,Mumbai
2008-04-09,31.2,23.9,35.0,0.0,Mumbai
2008-04-10,31.1,24.7,35.0,0.0,Mumbai
2008-04-11,31.3,24.7,37.0,0.0,Mumbai
2008-04-12,30.4,24.1,35.3,0.0,Mumbai
2008-04-13,29.7,24.6,33.6,0.0,Mumbai
2008-04-14,30.2,24.1,34.6,0.0,Mumbai
2008-04-15,29.5,23.7,33.3,0.0,Mumbai
2008-04-16,28.7,23.4,32.0,0.0,Mumbai
2008-04-17,28.8,23.2,32.7,0.0,Mumbai
2008-04-18,29.2,24.2,32.7,0.0,Mumbai
2008-04-19,29.2,25.0,33.5,0.0,Mumbai
2008-04-20,30.1,24.1,34.5,0.0,Mumbai
2008-04-21,31.1,24.5,35.6,0.0,Mumbai
2008-04-22,31.7,26.4,35.4,0.0,Mumbai
2008-04-23,31.3,24.7,35.3,0.0,Mumbai
2008-04-24,31.1,24.7,35.4,0.0,Mumbai
2008-04-25,30.1,27.7,33.5,0.0,Mumbai
2008-04-26,30.2,27.6,35.0,0.0,Mumbai
2008-04-27,29.8,26.0,33.5,0.0,Mumbai
2008-04-28,29.6,27.0,32.8,0.0,Mumbai
2008-04-29,29.4,25.6,33.3,0.0,Mumbai
2008-04-30,29.2,25.3,32.5,0.0,Mumbai
2008-05-01,29.8,26.2,34.0,0.0,Mumbai
2008-05-02,29.2,25.3,33.3,0.0,Mumbai
2008-05-03,29.2,25.7,32.6,0.0,Mumbai
2008-05-04,29.1,25.2,32.8,0.0,Mumbai
2008-05-05,29.6,26.5,33.0,0.0,Mumbai
2008-05-06,29.8,27.2,33.0,0.0,Mumbai
2008-05-07,29.9,26.4,33.5,0.0,Mumbai
2008-05-08,29.8,25.9,32.9,0.0,Mumbai
2008-05-09,29.9,26.2,33.0,0.0,Mumbai
2008-05-10,30.1,27.5,33.5,0.0,Mumbai
2008-05-11,29.8,26.2,33.0,0.0,Mumbai
2008-05-12,29.8,26.8,33.0,0.0,Mumbai
2008-05-13,29.8,26.0,33.0,0.0,Mumbai
2008-05-14,30.0,26.2,33.3,0.0,Mumbai
2008-05-15,30.1,27.9,33.3,0.0,Mumbai
2008-05-16,30.5,26.6,33.5,0.0,Mumbai
2008-05-17,30.3,28.0,33.5,0.0,Mumbai
2008-05-18,30.6,28.2,34.0,0.0,Mumbai
2008-05-19,30.9,28.2,34.5,1.0,Mumbai
2008-05-20,31.0,28.4,34.5,0.0,Mumbai
2008-05-21,30.8,28.6,34.0,0.0,Mumbai
2008-05-22,31.0,28.7,34.5,0.0,Mumbai
2008-05-23,31.0,27.8,34.5,0.0,Mumbai
2008-05-24,30.9,28.0,34.5,0.0,Mumbai
2008-05-25,31.4,28.3,34.7,0.0,Mumbai
2008-05-26,31.4,28.1,34.8,0.0,Mumbai
2008-05-27,31.7,29.0,34.5,0.0,Mumbai
2008-05-28,31.5,28.2,34.8,0.0,Mumbai
2008-05-29,31.3,28.6,34.5,0.0,Mumbai
2008-05-30,31.5,29.1,34.5,0.0,Mumbai
2008-05-31,31.5,29.3,34.8,0.0,Mumbai
2008-06-01,31.3,29.2,34.5,0.0,Mumbai
2008-06-02,31.6,28.4,34.7,0.0,Mumbai
2008-06-03,30.6,26.8,34.8,0.0,Mumbai
2008-06-04,30.8,25.2,35.4,7.1,Mumbai
2008-06-05,29.8,24.9,34.8,0.5,Mumbai
2008-06-06,27.6,24.6,32.5,40.9,Mumbai
2008-06-07,26.3,24.4,30.0,162.1,Mumbai
2008-06-08,26.2,24.3,27.5,65.0,Mumbai
2008-06-09,26.6,25.1,27.4,85.1,Mumbai
2008-06-10,26.2,24.8,27.4,62.0,Mumbai
2008-06-11,26.9,24.7,31.3,30.0,Mumbai
2008-06-12,28.2,24.6,31.0,143.0,Mumbai
2008-06-13,27.6,24.5,30.6,6.1,Mumbai
2008-06-14,28.6,24.3,30.2,15.0,Mumbai
2008-06-15,29.3,26.9,31.8,33.0,Mumbai
2008-06-16,29.4,27.8,31.7,0.0,Mumbai
2008-06-17,29.4,27.0,32.1,0.0,Mumbai
2008-06-18,29.6,26.3,32.0,7.1,Mumbai
2008-06-19,29.6,27.9,32.0,2.0,Mumbai
2008-06-20,29.4,27.9,31.7,0.0,Mumbai
2008-06-21,29.6,28.1,31.7,2.0,Mumbai
2008-06-22,29.2,28.0,31.6,0.0,Mumbai
2008-06-23,29.5,28.0,32.0,0.5,Mumbai
2008-06-24,29.2,28.0,32.0,0.0,Mumbai
2008-06-25,27.9,26.6,31.1,13.0,Mumbai
2008-06-26,28.3,25.3,31.4,29.0,Mumbai
2008-06-27,29.2,26.0,31.9,5.1,Mumbai
2008-06-28,28.7,25.7,31.5,2.0,Mumbai
2008-06-29,27.2,25.4,31.5,7.9,Mumbai
2008-06-30,26.7,25.0,31.5,83.1,Mumbai
2008-07-01,27.7,24.6,31.5,143.0,Mumbai
2008-07-02,28.4,26.5,31.5,63.0,Mumbai
2008-07-03,28.3,25.4,30.5,3.0,Mumbai
2008-07-04,27.9,24.2,30.8,49.0,Mumbai
2008-07-05,28.4,24.8,31.0,7.9,Mumbai
2008-07-06,28.8,25.7,31.4,8.9,Mumbai
2008-07-07,28.8,26.8,31.5,0.5,Mumbai
2008-07-08,28.7,26.6,31.3,6.1,Mumbai
2008-07-09,28.7,27.5,31.1,0.0,Mumbai
2008-07-10,27.6,26.2,30.6,3.0,Mumbai
2008-07-11,28.4,25.0,29.7,62.0,Mumbai
2008-07-12,28.5,25.8,31.1,0.5,Mumbai
2008-07-13,28.7,25.4,31.7,2.0,Mumbai
2008-07-14,28.5,25.8,31.3,0.5,Mumbai
2008-07-15,26.6,25.4,29.5,4.1,Mumbai
2008-07-16,28.5,24.9,31.8,14.0,Mumbai
2008-07-17,28.8,26.4,31.5,7.9,Mumbai
2008-07-18,28.7,26.8,31.6,0.0,Mumbai
2008-07-19,28.9,27.1,31.7,0.0,Mumbai
2008-07-20,28.7,27.2,31.5,0.0,Mumbai
2008-07-21,28.8,26.3,31.5,2.0,Mumbai
2008-07-22,28.9,27.2,31.6,0.0,Mumbai
2008-07-23,28.1,26.1,31.4,0.0,Mumbai
2008-07-24,25.9,25.1,27.1,16.0,Mumbai
2008-07-25,25.7,24.0,28.3,109.0,Mumbai
2008-07-26,25.9,23.7,28.1,77.0,Mumbai
2008-07-27,25.0,23.8,27.8,55.9,Mumbai
2008-07-28,25.9,23.9,27.6,154.9,Mumbai
2008-07-29,26.4,24.8,27.4,134.9,Mumbai
2008-07-30,27.7,24.8,29.2,21.1,Mumbai
2008-07-31,27.8,25.8,30.8,2.0,Mumbai
2008-08-01,28.1,25.9,31.0,0.0,Mumbai
2008-08-02,27.3,24.7,29.5,17.0,Mumbai
2008-08-03,28.0,25.0,31.0,7.9,Mumbai
2008-08-04,27.7,24.8,30.3,7.9,Mumbai
2008-08-05,25.9,24.1,30.1,8.9,Mumbai
2008-08-06,26.5,23.4,29.8,96.0,Mumbai
2008-08-07,27.8,25.1,29.6,39.1,Mumbai
2008-08-08,26.8,24.8,28.3,5.1,Mumbai
2008-08-09,27.2,24.5,29.9,120.9,Mumbai
2008-08-10,26.4,24.7,27.3,32.0,Mumbai
2008-08-11,26.2,24.8,27.6,48.0,Mumbai
2008-08-12,26.4,25.0,28.0,68.1,Mumbai
2008-08-13,26.4,24.9,28.3,16.0,Mumbai
2008-08-14,27.1,24.8,30.0,37.1,Mumbai
2008-08-15,26.6,24.2,29.5,49.0,Mumbai
2008-08-16,26.6,24.8,29.5,14.0,Mumbai
2008-08-17,27.2,24.9,30.0,8.9,Mumbai
2008-08-18,27.6,25.4,30.4,2.0,Mumbai
2008-08-19,27.6,26.0,30.7,0.0,Mumbai
2008-08-20,27.7,25.6,31.0,0.5,Mumbai
2008-08-21,27.6,25.1,30.6,0.0,Mumbai
2008-08-22,27.8,24.7,30.6,0.3,Mumbai
2008-08-23,25.7,24.0,28.6,3.0,Mumbai
2008-08-24,25.8,23.4,27.5,22.1,Mumbai
2008-08-25,27.8,24.3,30.8,3.0,Mumbai
2008-08-26,27.2,25.4,30.0,8.9,Mumbai
2008-08-27,27.7,25.1,30.5,11.9,Mumbai
2008-08-28,27.9,25.2,31.0,0.0,Mumbai
2008-08-29,27.9,25.0,30.7,0.0,Mumbai
2008-08-30,28.6,25.1,31.5,0.0,Mumbai
2008-08-31,28.3,25.3,31.3,0.0,Mumbai
2008-09-01,28.6,25.4,31.0,2.0,Mumbai
2008-09-02,28.3,25.2,32.4,0.0,Mumbai
2008-09-03,29.0,25.1,32.6,1.0,Mumbai
2008-09-04,27.7,25.0,31.3,0.0,Mumbai
2008-09-05,26.2,24.8,30.5,8.9,Mumbai
2008-09-06,27.5,24.7,31.0,15.0,Mumbai
2008-09-07,28.1,24.7,31.0,3.0,Mumbai
2008-09-08,27.4,25.2,30.6,1.0,Mumbai
2008-09-09,25.8,24.2,29.0,29.0,Mumbai
2008-09-10,26.6,24.6,30.1,36.1,Mumbai
2008-09-11,27.6,24.9,31.0,13.0,Mumbai
2008-09-12,27.4,25.4,30.8,2.0,Mumbai
2008-09-13,26.6,25.1,28.5,3.0,Mumbai
2008-09-14,26.4,24.8,29.1,8.9,Mumbai
2008-09-15,26.1,24.4,29.2,33.0,Mumbai
2008-09-16,25.7,23.9,28.6,33.0,Mumbai
2008-09-17,27.6,23.4,29.9,119.1,Mumbai
2008-09-18,27.8,24.0,30.7,0.0,Mumbai
2008-09-19,26.8,24.5,28.0,5.1,Mumbai
2008-09-20,27.2,25.0,29.5,10.9,Mumbai
2008-09-21,27.6,25.6,31.0,3.0,Mumbai
2008-09-22,27.7,24.9,30.8,0.0,Mumbai
2008-09-23,27.6,24.7,30.4,0.0,Mumbai
2008-09-24,27.8,23.8,33.3,0.0,Mumbai
2008-09-25,27.7,23.6,31.5,0.0,Mumbai
2008-09-26,27.2,23.2,30.5,0.0,Mumbai
2008-09-27,27.6,22.9,31.5,0.0,Mumbai
2008-09-28,27.5,22.9,31.5,0.0,Mumbai
2008-09-29,27.4,22.4,31.4,0.0,Mumbai
2008-09-30,27.6,22.8,31.4,0.0,Mumbai
2008-10-01,27.6,22.8,31.1,0.0,Mumbai
2008-10-02,27.8,22.7,31.0,0.0,Mumbai
2008-10-03,27.3,23.2,31.0,0.0,Mumbai
2008-10-04,27.4,23.8,32.1,0.0,Mumbai
2008-10-05,27.6,24.1,31.8,0.0,Mumbai
2008-10-06,28.1,23.8,32.2,0.0,Mumbai
2008-10-07,27.7,25.2,32.7,0.0,Mumbai
2008-10-08,27.9,24.4,31.4,8.9,Mumbai
2008-10-09,28.1,24.0,32.5,7.9,Mumbai
2008-10-10,29.3,23.7,35.0,0.0,Mumbai
2008-10-11,30.6,24.3,36.0,0.0,Mumbai
2008-10-12,31.1,24.5,36.4,0.0,Mumbai
2008-10-13,31.2,24.7,36.6,0.0,Mumbai
2008-10-14,31.0,24.5,36.8,0.0,Mumbai
2008-10-15,31.4,23.4,37.0,0.0,Mumbai
2008-10-16,31.7,22.8,36.6,0.0,Mumbai
2008-10-17,31.4,23.5,36.6,0.0,Mumbai
2008-10-18,31.4,22.9,36.4,0.0,Mumbai
2008-10-19,30.6,24.2,36.0,0.0,Mumbai
2008-10-20,30.6,23.5,36.2,0.0,Mumbai
2008-10-21,30.7,22.8,35.6,0.0,Mumbai
2008-10-22,29.9,20.0,35.5,0.0,Mumbai
2008-10-23,31.2,23.0,35.5,0.0,Mumbai
2008-10-24,30.6,20.8,35.5,0.0,Mumbai
2008-10-25,29.6,18.7,35.5,0.0,Mumbai
2008-10-26,28.1,19.7,34.0,0.0,Mumbai
2008-10-27,28.1,20.9,33.1,0.0,Mumbai
2008-10-28,28.1,21.4,32.3,0.0,Mumbai
2008-10-29,28.2,21.6,35.0,0.0,Mumbai
2008-10-30,29.1,22.2,35.2,0.0,Mumbai
2008-10-31,28.7,21.4,35.3,0.0,Mumbai
2008-11-01,29.3,21.8,35.0,0.0,Mumbai
2008-11-02,29.1,21.0,36.0,0.0,Mumbai
2008-11-03,29.1,20.2,36.5,0.0,Mumbai
2008-11-04,28.9,19.2,36.0,0.0,Mumbai
2008-11-05,28.8,20.0,35.6,0.0,Mumbai
2008-11-06,28.7,19.7,35.3,0.0,Mumbai
2008-11-07,28.4,20.2,35.9,0.0,Mumbai
2008-11-08,28.2,20.3,35.0,0.0,Mumbai
2008-11-09,28.4,19.0,35.2,0.0,Mumbai
2008-11-10,29.3,19.2,35.5,0.0,Mumbai
2008-11-11,28.6,19.8,35.6,0.0,Mumbai
2008-11-12,28.8,19.2,34.0,0.0,Mumbai
2008-11-13,28.2,18.6,34.0,0.0,Mumbai
2008-11-14,26.5,17.3,31.6,0.0,Mumbai
2008-11-15,27.8,19.4,33.7,0.0,Mumbai
2008-11-16,28.7,20.2,33.7,0.0,Mumbai
2008-11-17,29.4,21.2,33.9,0.0,Mumbai
2008-11-18,29.0,25.6,33.3,0.0,Mumbai
2008-11-19,29.8,24.1,33.7,0.0,Mumbai
2008-11-20,29.8,24.2,35.5,0.0,Mumbai
2008-11-21,29.9,23.3,34.9,0.0,Mumbai
2008-11-22,30.2,24.3,36.0,0.0,Mumbai
2008-11-23,30.1,24.2,36.0,0.0,Mumbai
2008-11-24,29.5,21.9,35.6,0.0,Mumbai
2008-11-25,27.8,19.6,35.1,0.0,Mumbai
2008-11-26,27.2,16.4,34.0,0.0,Mumbai
2008-11-27,26.8,14.7,34.8,0.0,Mumbai
2008-11-28,28.4,16.6,32.3,0.0,Mumbai
2008-11-29,28.7,25.0,32.3,0.0,Mumbai
2008-11-30,29.0,24.5,32.5,0.0,Mumbai
2008-12-01,28.8,25.2,33.3,0.0,Mumbai
2008-12-02,28.5,24.7,34.1,0.0,Mumbai
2008-12-03,29.3,23.9,35.6,0.0,Mumbai
2008-12-04,29.8,23.4,36.0,0.0,Mumbai
2008-12-05,29.9,22.0,37.7,0.0,Mumbai
2008-12-06,28.0,20.5,35.3,0.0,Mumbai
2008-12-07,27.9,17.8,35.1,0.0,Mumbai
2008-12-08,27.9,18.2,36.0,0.0,Mumbai
2008-12-09,27.5,18.0,35.3,0.0,Mumbai
2008-12-10,27.6,19.2,34.3,0.0,Mumbai
2008-12-11,26.6,19.7,32.5,0.0,Mumbai
2008-12-12,26.6,20.5,32.3,0.0,Mumbai
2008-12-13,27.8,20.4,34.0,0.0,Mumbai
2008-12-14,28.8,20.6,35.4,0.0,Mumbai
2008-12-15,28.7,22.7,35.3,0.0,Mumbai
2008-12-16,28.0,19.8,34.8,0.0,Mumbai
2008-12-17,28.6,20.0,35.6,0.0,Mumbai
2008-12-18,27.8,19.0,34.6,0.0,Mumbai
2008-12-19,27.9,18.1,33.7,0.0,Mumbai
2008-12-20,27.6,20.2,33.4,0.0,Mumbai
2008-12-21,27.4,22.2,33.0,0.0,Mumbai
2008-12-22,27.7,21.2,33.9,0.0,Mumbai
2008-12-23,27.8,20.2,35.6,0.0,Mumbai
2008-12-24,27.3,18.6,34.6,0.0,Mumbai
2008-12-25,26.5,16.9,33.2,0.0,Mumbai
2008-12-26,25.6,16.1,32.0,0.0,Mumbai
2008-12-27,24.8,15.7,30.7,0.0,Mumbai
2008-12-28,24.2,14.8,30.6,0.0,Mumbai
2008-12-29,23.7,13.8,31.6,0.0,Mumbai
2008-12-30,24.1,14.1,30.9,0.0,Mumbai
2008-12-31,23.2,12.8,30.2,0.0,Mumbai
2009-01-01,24.4,13.9,31.6,0.0,Mumbai
2009-01-02,25.6,15.3,33.0,0.0,Mumbai
2009-01-03,25.5,18.2,31.3,0.0,Mumbai
2009-01-04,25.2,19.3,31.0,0.0,Mumbai
2009-01-05,24.4,17.6,31.0,0.0,Mumbai
2009-01-06,23.3,16.0,29.3,0.0,Mumbai
2009-01-07,23.9,15.3,29.0,0.0,Mumbai
2009-01-08,24.1,16.0,30.3,0.0,Mumbai
2009-01-09,24.6,17.2,31.0,0.0,Mumbai
2009-01-10,25.6,17.2,32.8,0.0,Mumbai
2009-01-11,26.4,18.4,32.4,0.0,Mumbai
2009-01-12,27.1,18.9,34.7,0.0,Mumbai
2009-01-13,26.9,19.4,34.8,0.0,Mumbai
2009-01-14,27.2,20.2,34.0,0.0,Mumbai
2009-01-15,26.8,18.4,34.0,0.0,Mumbai
2009-01-16,27.0,18.4,34.4,0.0,Mumbai
2009-01-17,26.9,18.8,34.5,0.0,Mumbai
2009-01-18,26.8,18.4,34.3,0.0,Mumbai
2009-01-19,27.2,19.9,34.1,0.0,Mumbai
2009-01-20,27.5,18.7,34.1,0.0,Mumbai
2009-01-21,27.4,18.6,35.1,0.0,Mumbai
2009-01-22,28.1,19.0,35.8,0.0,Mumbai
2009-01-23,28.6,18.6,36.4,0.0,Mumbai
2009-01-24,28.0,20.2,37.1,0.0,Mumbai
2009-01-25,26.4,18.8,32.0,0.0,Mumbai
2009-01-26,25.4,18.6,31.8,0.0,Mumbai
2009-01-27,24.9,18.2,31.8,0.0,Mumbai
2009-01-28,25.9,16.3,32.4,0.0,Mumbai
2009-01-29,25.6,16.8,31.1,0.0,Mumbai
2009-01-30,26.1,17.9,33.4,0.0,Mumbai
2009-01-31,26.1,16.9,32.6,0.0,Mumbai
2009-02-01,25.4,17.3,32.7,0.0,Mumbai
2009-02-02,25.1,16.7,32.8,0.0,Mumbai
2009-02-03,24.8,15.0,30.3,0.0,Mumbai
2009-02-04,24.1,15.6,30.3,0.0,Mumbai
2009-02-05,24.0,15.7,29.5,0.0,Mumbai
2009-02-06,25.3,17.4,30.5,0.0,Mumbai
2009-02-07,25.8,16.3,33.4,0.0,Mumbai
2009-02-08,27.2,18.5,33.0,0.0,Mumbai
2009-02-09,26.2,19.2,32.9,0.0,Mumbai
2009-02-10,24.6,19.2,31.5,0.0,Mumbai
2009-02-11,24.3,17.6,32.0,0.0,Mumbai
2009-02-12,24.2,14.7,30.5,0.0,Mumbai
2009-02-13,24.4,16.8,30.6,0.0,Mumbai
2009-02-14,25.0,17.2,30.0,0.0,Mumbai
2009-02-15,26.2,20.0,32.1,0.0,Mumbai
2009-02-16,27.1,18.1,32.6,0.0,Mumbai
2009-02-17,27.7,19.2,33.1,0.0,Mumbai
2009-02-18,28.2,19.5,33.6,0.0,Mumbai
2009-02-19,28.0,18.6,33.2,0.0,Mumbai
2009-02-20,29.1,19.1,36.0,0.0,Mumbai
2009-02-21,29.4,21.1,37.6,0.0,Mumbai
2009-02-22,28.2,19.5,33.9,0.0,Mumbai
2009-02-23,28.8,19.1,35.0,0.0,Mumbai
2009-02-24,26.3,19.6,32.2,0.0,Mumbai
2009-02-25,26.3,18.8,32.4,0.0,Mumbai
2009-02-26,28.2,19.9,34.5,0.0,Mumbai
2009-02-27,29.7,20.0,35.8,0.0,Mumbai
2009-02-28,30.1,19.7,37.0,0.0,Mumbai
2009-03-01,30.4,20.2,36.5,0.0,Mumbai
2009-03-02,30.9,21.3,36.7,0.0,Mumbai
2009-03-03,30.2,20.3,36.3,0.0,Mumbai
2009-03-04,28.8,20.9,35.0,0.0,Mumbai
2009-03-05,27.3,21.6,34.2,0.0,Mumbai
2009-03-06,28.0,21.7,33.3,0.0,Mumbai
2009-03-07,28.7,19.6,32.4,0.0,Mumbai
2009-03-08,26.4,23.1,31.5,0.0,Mumbai
2009-03-09,28.2,21.3,32.7,0.0,Mumbai
2009-03-10,29.9,23.0,36.0,0.0,Mumbai
2009-03-11,29.4,22.0,35.2,0.0,Mumbai
2009-03-12,29.8,21.5,37.0,0.0,Mumbai
2009-03-13,28.9,21.9,34.4,0.0,Mumbai
2009-03-14,29.2,22.3,35.0,0.0,Mumbai
2009-03-15,28.9,22.1,35.3,0.0,Mumbai
2009-03-16,28.4,21.6,35.2,0.0,Mumbai
2009-03-17,29.4,21.6,35.0,0.0,Mumbai
2009-03-18,29.8,21.2,33.6,0.0,Mumbai
2009-03-19,27.9,21.7,32.1,0.0,Mumbai
2009-03-20,27.8,21.6,32.3,0.0,Mumbai
2009-03-21,27.4,22.2,32.8,0.0,Mumbai
2009-03-22,28.6,22.0,32.9,0.0,Mumbai
2009-03-23,30.4,21.3,37.8,0.0,Mumbai
2009-03-24,27.9,21.4,32.7,0.0,Mumbai
2009-03-25,29.4,22.0,33.4,0.0,Mumbai
2009-03-26,29.0,21.1,34.0,0.0,Mumbai
2009-03-27,27.6,21.2,32.6,0.0,Mumbai
2009-03-28,28.6,21.3,32.3,0.0,Mumbai
2009-03-29,29.4,23.7,35.3,0.0,Mumbai
2009-03-30,30.3,23.4,34.8,0.0,Mumbai
2009-03-31,30.4,23.8,34.8,0.0,Mumbai
2009-04-01,31.5,25.6,34.9,0.0,Mumbai
2009-04-02,31.0,26.0,34.9,0.0,Mumbai
2009-04-03,31.2,24.8,35.0,0.0,Mumbai
2009-04-04,30.0,26.9,35.0,0.0,Mumbai
2009-04-05,31.3,26.2,36.6,0.0,Mumbai
2009-04-06,33.2,25.7,38.1,0.0,Mumbai
2009-04-07,32.1,26.0,35.6,0.0,Mumbai
2009-04-08,28.6,24.4,33.1,0.0,Mumbai
2009-04-09,29.4,21.7,34.4,0.0,Mumbai
2009-04-10,31.9,21.1,35.6,0.0,Mumbai
2009-04-11,32.1,23.4,36.8,0.0,Mumbai
2009-04-12,32.4,24.1,38.1,0.0,Mumbai
2009-04-13,30.4,24.6,35.6,0.0,Mumbai
2009-04-14,29.4,25.0,33.1,0.0,Mumbai
2009-04-15,28.6,24.2,32.8,0.0,Mumbai
2009-04-16,29.4,24.2,34.5,0.0,Mumbai
2009-04-17,29.3,25.3,33.8,0.0,Mumbai
2009-04-18,30.7,25.4,34.0,0.0,Mumbai
2009-04-19,29.9,25.4,34.3,0.0,Mumbai
2009-04-20,29.3,26.0,33.5,0.0,Mumbai
2009-04-21,28.7,26.5,32.8,0.0,Mumbai
2009-04-22,28.8,25.0,32.3,0.0,Mumbai
2009-04-23,29.7,24.7,33.3,0.0,Mumbai
2009-04-24,31.5,22.7,37.1,0.0,Mumbai
2009-04-25,31.0,24.9,37.5,0.0,Mumbai
2009-04-26,30.4,26.3,35.6,0.0,Mumbai
2009-04-27,30.0,26.0,33.7,0.0,Mumbai
2009-04-28,29.6,26.9,33.3,0.0,Mumbai
2009-04-29,29.6,26.8,34.0,0.0,Mumbai
2009-04-30,29.4,26.8,33.2,0.0,Mumbai
2009-05-01,29.3,25.9,33.3,0.0,Mumbai
2009-05-02,29.6,25.4,33.4,0.0,Mumbai
2009-05-03,30.2,25.6,34.7,0.0,Mumbai
2009-05-04,29.8,26.4,33.6,0.0,Mumbai
2009-05-05,30.0,27.1,34.0,0.0,Mumbai
2009-05-06,29.7,26.2,33.3,0.0,Mumbai
2009-05-07,30.0,25.8,34.3,0.0,Mumbai
2009-05-08,30.6,26.0,35.5,0.0,Mumbai
2009-05-09,29.8,24.2,34.0,0.0,Mumbai
2009-05-10,29.5,25.3,33.3,0.0,Mumbai
2009-05-11,29.7,27.2,33.7,0.0,Mumbai
2009-05-12,29.6,25.0,33.2,0.0,Mumbai
2009-05-13,29.8,27.4,33.3,0.0,Mumbai
2009-05-14,30.1,27.5,33.8,0.0,Mumbai
2009-05-15,30.1,27.6,33.6,0.0,Mumbai
2009-05-16,30.1,27.8,33.9,0.0,Mumbai
2009-05-17,30.3,27.9,34.0,0.0,Mumbai
2009-05-18,30.4,28.1,34.2,0.0,Mumbai
2009-05-19,30.5,28.5,34.0,0.0,Mumbai
2009-05-20,30.4,28.8,34.4,0.0,Mumbai
2009-05-21,30.5,28.8,34.0,0.3,Mumbai
2009-05-22,30.3,28.6,34.2,0.0,Mumbai
2009-05-23,30.6,28.7,34.0,0.0,Mumbai
2009-05-24,30.4,28.8,34.0,0.0,Mumbai
2009-05-25,30.3,28.5,34.0,0.0,Mumbai
2009-05-26,30.4,28.5,34.0,0.0,Mumbai
2009-05-27,30.4,28.5,34.0,0.0,Mumbai
2009-05-28,30.3,28.2,34.0,0.0,Mumbai
2009-05-29,30.4,27.1,34.3,0.0,Mumbai
2009-05-30,30.7,28.6,34.1,0.0,Mumbai
2009-05-31,30.9,29.0,34.4,0.0,Mumbai
2009-06-01,31.1,29.3,34.8,0.0,Mumbai
2009-06-02,31.2,29.0,34.8,0.0,Mumbai
2009-06-03,31.0,29.1,34.8,0.0,Mumbai
2009-06-04,31.2,29.1,34.7,0.0,Mumbai
2009-06-05,31.1,29.2,34.5,0.0,Mumbai
2009-06-06,31.1,29.0,34.0,0.0,Mumbai
2009-06-07,31.2,29.5,34.3,0.0,Mumbai
2009-06-08,31.1,29.2,34.7,0.0,Mumbai
2009-06-09,30.8,28.8,34.6,0.0,Mumbai
2009-06-10,30.8,28.9,34.8,0.0,Mumbai
2009-06-11,30.7,28.8,34.1,0.0,Mumbai
2009-06-12,30.6,28.8,34.2,0.0,Mumbai
2009-06-13,30.9,28.8,34.4,0.0,Mumbai
2009-06-14,30.8,28.6,34.8,0.0,Mumbai
2009-06-15,30.9,29.0,34.7,0.0,Mumbai
2009-06-16,31.2,29.5,34.6,0.0,Mumbai
2009-06-17,31.0,29.0,34.5,0.0,Mumbai
2009-06-18,31.2,28.5,34.4,0.0,Mumbai
2009-06-19,31.1,27.9,34.4,0.0,Mumbai
2009-06-20,29.7,27.4,34.3,2.0,Mumbai
2009-06-21,29.4,26.9,34.7,0.0,Mumbai
2009-06-22,30.2,27.2,33.0,3.0,Mumbai
2009-06-23,27.8,26.5,31.3,0.8,Mumbai
2009-06-24,28.1,25.8,32.1,7.9,Mumbai
2009-06-25,27.4,25.5,31.8,16.0,Mumbai
2009-06-26,25.8,25.1,31.6,34.0,Mumbai
2009-06-27,27.9,24.8,31.3,93.0,Mumbai
2009-06-28,27.3,25.0,31.3,0.0,Mumbai
2009-06-29,27.2,25.2,30.4,27.9,Mumbai
2009-06-30,28.7,25.6,32.8,11.9,Mumbai
2009-07-01,27.5,26.0,31.4,3.0,Mumbai
2009-07-02,27.0,25.5,29.7,2.0,Mumbai
2009-07-03,26.8,25.0,28.0,51.1,Mumbai
2009-07-04,25.3,24.8,26.3,21.1,Mumbai
2009-07-05,27.0,24.0,29.8,244.1,Mumbai
2009-07-06,27.7,25.5,29.7,3.0,Mumbai
2009-07-07,27.6,25.2,30.8,3.0,Mumbai
2009-07-08,26.3,24.8,30.6,32.0,Mumbai
2009-07-09,26.5,24.5,30.3,42.9,Mumbai
2009-07-10,27.0,24.2,30.0,35.1,Mumbai
2009-07-11,28.1,25.8,30.2,18.0,Mumbai
2009-07-12,28.7,25.8,30.5,9.9,Mumbai
2009-07-13,27.7,25.0,31.4,14.0,Mumbai
2009-07-14,26.3,24.2,30.0,148.1,Mumbai
2009-07-15,27.4,24.2,28.6,274.1,Mumbai
2009-07-16,28.1,18.8,30.0,20.1,Mumbai
2009-07-17,28.2,25.4,30.7,19.1,Mumbai
2009-07-18,28.3,25.3,30.6,15.0,Mumbai
2009-07-19,28.3,25.3,31.3,17.0,Mumbai
2009-07-20,27.4,25.2,28.4,21.1,Mumbai
2009-07-21,27.8,26.5,29.4,15.0,Mumbai
2009-07-22,27.2,25.4,29.5,15.0,Mumbai
2009-07-23,27.3,24.3,29.6,36.1,Mumbai
2009-07-24,28.3,23.9,30.4,55.9,Mumbai
2009-07-25,28.2,24.8,30.5,3.0,Mumbai
2009-07-26,27.6,25.8,30.5,6.1,Mumbai
2009-07-27,28.2,25.4,30.5,6.1,Mumbai
2009-07-28,28.6,25.0,30.8,7.9,Mumbai
2009-07-29,28.6,26.9,31.3,2.0,Mumbai
2009-07-30,28.5,26.9,30.8,1.0,Mumbai
2009-07-31,28.4,26.9,31.4,2.0,Mumbai
2009-08-01,28.6,26.0,31.0,0.5,Mumbai
2009-08-02,28.2,26.0,31.1,1.0,Mumbai
2009-08-03,28.6,27.0,31.0,0.5,Mumbai
2009-08-04,28.6,27.4,31.1,0.0,Mumbai
2009-08-05,28.4,27.2,31.5,0.5,Mumbai
2009-08-06,28.7,27.0,31.1,0.5,Mumbai
2009-08-07,28.6,26.1,31.0,3.0,Mumbai
2009-08-08,28.7,27.6,31.0,0.0,Mumbai
2009-08-09,28.4,27.6,31.0,0.0,Mumbai
2009-08-10,28.3,26.7,31.0,0.0,Mumbai
2009-08-11,28.1,25.9,30.7,0.5,Mumbai
2009-08-12,28.2,25.0,31.4,8.9,Mumbai
2009-08-13,28.4,26.0,31.5,2.0,Mumbai
2009-08-14,28.5,26.9,31.5,0.5,Mumbai
2009-08-15,28.3,26.9,30.9,0.5,Mumbai
2009-08-16,28.7,26.0,31.3,7.9,Mumbai
2009-08-17,28.8,27.0,32.0,0.0,Mumbai
2009-08-18,28.6,26.7,31.7,0.0,Mumbai
2009-08-19,29.3,26.8,32.5,0.0,Mumbai
2009-08-20,28.2,23.3,32.1,73.9,Mumbai
2009-08-21,27.6,23.9,31.0,55.1,Mumbai
2009-08-22,27.9,25.8,30.4,3.0,Mumbai
2009-08-23,26.8,24.5,29.7,18.0,Mumbai
2009-08-24,26.7,25.0,29.7,29.0,Mumbai
2009-08-25,26.8,24.5,29.7,27.9,Mumbai
2009-08-26,28.0,23.4,31.5,18.0,Mumbai
2009-08-27,28.4,24.7,31.8,0.0,Mumbai
2009-08-28,28.4,26.0,31.0,3.0,Mumbai
2009-08-29,27.7,25.6,31.0,7.1,Mumbai
2009-08-30,27.7,25.2,30.7,22.1,Mumbai
2009-08-31,28.4,25.3,31.5,6.1,Mumbai
2009-09-01,28.4,25.2,31.8,8.9,Mumbai
2009-09-02,26.4,25.0,29.8,43.9,Mumbai
2009-09-03,26.1,24.3,27.8,6.1,Mumbai
2009-09-04,26.6,23.6,29.2,161.0,Mumbai
2009-09-05,28.1,25.9,30.5,7.9,Mumbai
2009-09-06,26.2,25.2,27.6,13.0,Mumbai
2009-09-07,25.3,24.5,27.7,20.1,Mumbai
2009-09-08,27.8,23.8,31.5,5.1,Mumbai
2009-09-09,28.3,25.7,31.3,1.0,Mumbai
2009-09-10,28.4,25.7,31.8,0.0,Mumbai
2009-09-11,28.5,25.2,31.7,0.0,Mumbai
2009-09-12,28.4,25.8,31.2,7.1,Mumbai
2009-09-13,28.1,25.5,30.2,0.0,Mumbai
2009-09-14,28.0,25.0,31.5,0.0,Mumbai
2009-09-15,28.6,24.5,32.0,0.0,Mumbai
2009-09-16,28.9,25.0,32.4,0.0,Mumbai
2009-09-17,28.9,23.8,32.2,0.0,Mumbai
2009-09-18,29.3,25.0,32.4,0.0,Mumbai
2009-09-19,29.6,26.1,33.0,0.0,Mumbai
2009-09-20,29.0,26.7,31.8,0.0,Mumbai
2009-09-21,28.5,25.8,31.8,0.0,Mumbai
2009-09-22,28.0,24.9,33.2,2.0,Mumbai
2009-09-23,27.7,24.0,31.5,34.0,Mumbai
2009-09-24,28.4,24.9,32.0,2.0,Mumbai
2009-09-25,29.3,25.8,32.3,0.0,Mumbai
2009-09-26,29.3,25.5,33.0,0.8,Mumbai
2009-09-27,29.3,25.2,32.5,0.0,Mumbai
2009-09-28,29.2,26.2,32.2,0.0,Mumbai
2009-09-29,29.4,27.3,32.0,0.0,Mumbai
2009-09-30,29.4,28.0,32.5,0.0,Mumbai
2009-10-01,29.8,27.8,32.7,0.8,Mumbai
2009-10-02,28.6,26.4,32.9,0.0,Mumbai
2009-10-03,28.2,25.0,32.1,3.0,Mumbai
2009-10-04,24.3,23.6,25.0,31.0,Mumbai
2009-10-05,26.5,23.0,27.3,75.9,Mumbai
2009-10-06,26.8,22.4,29.6,111.0,Mumbai
2009-10-07,27.9,25.6,31.1,1.0,Mumbai
2009-10-08,28.0,25.1,31.3,0.0,Mumbai
2009-10-09,27.8,24.4,31.5,0.0,Mumbai
2009-10-10,27.6,23.4,31.4,0.0,Mumbai
2009-10-11,28.5,23.6,32.0,0.0,Mumbai
2009-10-12,29.8,24.0,35.6,0.0,Mumbai
2009-10-13,28.6,24.2,32.0,0.0,Mumbai
2009-10-14,29.4,24.5,33.4,0.0,Mumbai
2009-10-15,30.6,26.0,35.0,0.0,Mumbai
2009-10-16,29.6,24.4,35.2,0.0,Mumbai
2009-10-17,29.9,22.8,35.5,0.0,Mumbai
2009-10-18,29.5,22.5,35.0,0.0,Mumbai
2009-10-19,29.9,21.9,35.2,0.0,Mumbai
2009-10-20,29.4,21.0,33.5,0.0,Mumbai
2009-10-21,30.4,23.7,34.0,0.0,Mumbai
2009-10-22,30.4,21.8,34.6,0.0,Mumbai
2009-10-23,30.2,21.8,35.2,0.0,Mumbai
2009-10-24,29.6,20.3,35.7,0.0,Mumbai
2009-10-25,28.3,18.7,32.9,0.0,Mumbai
2009-10-26,29.8,20.2,35.0,0.0,Mumbai
2009-10-27,29.9,20.0,35.3,0.0,Mumbai
2009-10-28,30.5,19.7,36.0,0.0,Mumbai
2009-10-29,29.9,21.0,36.8,0.0,Mumbai
2009-10-30,30.3,21.7,36.6,0.0,Mumbai
2009-10-31,30.0,21.0,36.4,0.0,Mumbai
2009-11-01,29.7,19.7,36.2,0.0,Mumbai
2009-11-02,30.4,20.3,36.3,0.0,Mumbai
2009-11-03,30.0,19.8,36.6,0.0,Mumbai
2009-11-04,29.9,19.6,35.7,0.0,Mumbai
2009-11-05,30.7,23.2,35.7,0.0,Mumbai
2009-11-06,30.7,22.9,35.0,0.0,Mumbai
2009-11-07,31.1,22.5,36.2,0.0,Mumbai
2009-11-08,30.4,24.2,35.8,0.0,Mumbai
2009-11-09,29.8,23.3,33.5,0.0,Mumbai
2009-11-10,25.1,22.3,29.3,0.0,Mumbai
2009-11-11,23.7,21.4,25.1,35.1,Mumbai
2009-11-12,25.6,22.2,28.6,29.0,Mumbai
2009-11-13,27.2,22.7,32.2,0.0,Mumbai
2009-11-14,26.9,23.2,31.0,0.0,Mumbai
2009-11-15,26.7,23.2,30.1,13.0,Mumbai
2009-11-16,27.3,24.7,29.2,0.0,Mumbai
2009-11-17,27.9,23.5,32.5,0.0,Mumbai
2009-11-18,27.3,22.4,31.1,0.0,Mumbai
2009-11-19,27.8,22.2,33.1,0.0,Mumbai
2009-11-20,27.6,21.5,33.0,0.0,Mumbai
2009-11-21,26.6,20.8,32.3,0.0,Mumbai
2009-11-22,27.1,20.7,32.2,0.0,Mumbai
2009-11-23,27.7,21.3,33.1,0.0,Mumbai
2009-11-24,27.7,21.5,34.3,0.0,Mumbai
2009-11-25,27.6,20.7,32.3,0.0,Mumbai
2009-11-26,27.8,21.2,32.4,0.0,Mumbai
2009-11-27,28.3,21.2,33.2,0.0,Mumbai
2009-11-28,28.5,22.0,34.0,0.0,Mumbai
2009-11-29,27.4,21.0,32.6,0.0,Mumbai
2009-11-30,26.7,20.2,32.2,0.0,Mumbai
2009-12-01,26.8,18.4,32.3,0.0,Mumbai
2009-12-02,26.9,18.5,32.4,0.0,Mumbai
2009-12-03,26.9,18.7,32.8,0.0,Mumbai
2009-12-04,26.9,20.0,31.6,0.0,Mumbai
2009-12-05,26.8,20.4,31.6,0.0,Mumbai
2009-12-06,26.9,20.7,31.3,0.0,Mumbai
2009-12-07,26.6,20.2,30.3,0.0,Mumbai
2009-12-08,27.2,20.2,32.5,0.0,Mumbai
2009-12-09,27.6,19.4,33.5,0.0,Mumbai
2009-12-10,27.7,19.2,34.1,0.0,Mumbai
2009-12-11,27.9,20.2,33.2,0.0,Mumbai
2009-12-12,27.6,20.4,33.3,0.0,Mumbai
2009-12-13,27.7,19.7,33.6,0.0,Mumbai
2009-12-14,27.9,20.3,33.6,0.0,Mumbai
2009-12-15,27.6,21.0,32.1,0.0,Mumbai
2009-12-16,27.3,21.4,32.1,0.0,Mumbai
2009-12-17,26.8,21.0,31.2,0.0,Mumbai
2009-12-18,26.6,20.4,31.2,0.0,Mumbai
2009-12-19,28.4,21.9,34.2,0.0,Mumbai
2009-12-20,28.6,22.7,34.3,0.0,Mumbai
2009-12-21,29.0,21.9,34.0,0.0,Mumbai
2009-12-22,28.7,21.1,33.7,0.0,Mumbai
2009-12-23,27.2,19.3,33.1,0.0,Mumbai
2009-12-24,26.5,17.6,32.5,0.0,Mumbai
2009-12-25,25.7,15.8,32.5,0.0,Mumbai
2009-12-26,24.4,14.8,30.2,0.0,Mumbai
2009-12-27,24.2,16.0,28.5,0.0,Mumbai
2009-12-28,23.8,15.6,28.7,0.0,Mumbai
2009-12-29,24.3,15.8,28.9,0.0,Mumbai
2009-12-30,24.2,15.3,28.9,0.0,Mumbai
2009-12-31,24.9,13.4,28.9,0.0,Mumbai
