date,tavg,tmin,tmax,prcp
01-01-2005,22.3,,26,0
02-01-2005,22.6,15.1,27.2,0
03-01-2005,23.5,16.6,30.1,0
04-01-2005,26.1,17.5,35,0
05-01-2005,27.5,19.6,33.3,0
06-01-2005,26,,32.8,0
07-01-2005,25.2,16.5,,0
08-01-2005,26.3,15.6,34.2,0
09-01-2005,26,17.1,32.2,0
10-01-2005,24.8,15.2,,0
11-01-2005,24.8,17.1,28.3,0
12-01-2005,24.8,15.7,,0
13-01-2005,26,15.3,,0
14-01-2005,24.5,15.2,30.5,0
15-01-2005,25.1,15.8,,0
16-01-2005,24.2,,,0
17-01-2005,23.8,15.7,,0
18-01-2005,21.8,14.5,,0
19-01-2005,22.3,11.5,30.8,0
20-01-2005,24.9,16.2,33.2,0
21-01-2005,25.6,16.6,33.2,0
22-01-2005,23.8,17.8,30.1,0
23-01-2005,22.6,15.1,30,0
24-01-2005,23.1,14.8,30,0
25-01-2005,23.1,17.3,30.6,0
26-01-2005,22.7,17.2,,0
27-01-2005,24.3,17.2,30.8,
28-01-2005,24.4,,,0
29-01-2005,24.4,,,0
30-01-2005,24.3,14.2,,
31-01-2005,24.7,,,0.3
01-02-2005,25.7,17.5,,0
02-02-2005,26.4,17.6,,0
03-02-2005,26.8,15.3,,0
04-02-2005,27.6,16.5,,0
05-02-2005,27.2,16.8,,0
06-02-2005,26.7,19,,0
07-02-2005,27,20.2,,0
08-02-2005,27.6,18.8,,0
09-02-2005,28.8,21.6,,0
10-02-2005,27.9,18.5,,0
11-02-2005,26.9,18.6,33.6,0
12-02-2005,28.2,19.6,,0
13-02-2005,29.6,17.1,35,0
14-02-2005,28.8,17.6,,0
15-02-2005,27.3,16.5,,0
16-02-2005,27.4,21.3,,0
17-02-2005,26.1,20.6,,0
18-02-2005,25.2,,,0
19-02-2005,24.4,,,0
20-02-2005,22.6,12.7,27,0
21-02-2005,25.2,12.5,,0
22-02-2005,25.2,,,0
23-02-2005,24,14.5,31.4,0
24-02-2005,25.4,16.2,32.8,0
25-02-2005,27.3,17.7,33.4,0
26-02-2005,29.8,19.3,,0
27-02-2005,28.3,21.5,35.2,0
28-02-2005,26.4,20.6,30.5,0
01-03-2005,26.6,21.1,31.1,0
02-03-2005,26.2,,,0
03-03-2005,26.2,21,,0
04-03-2005,25.8,21.6,30.2,0
05-03-2005,25.7,20,30.4,0
06-03-2005,25.3,21.6,29.5,0
07-03-2005,24.7,20.6,28.5,0
08-03-2005,25.1,20.6,29.1,
09-03-2005,24.7,19.5,,0
10-03-2005,25.4,18.1,,0
11-03-2005,26.2,,,0
12-03-2005,26.8,18.6,33.2,0
13-03-2005,27.5,18.4,35.5,0
14-03-2005,27.8,18.9,34.4,0
15-03-2005,27.9,19,,0
16-03-2005,28,19.7,34.1,0
17-03-2005,29.6,21.7,36.1,0
18-03-2005,29.7,21.7,,0
19-03-2005,29.8,22.1,,0
20-03-2005,28.6,22.6,33,0
21-03-2005,28.4,23.6,33.7,0
22-03-2005,27.8,,,0
23-03-2005,26.6,22.2,30.6,0
24-03-2005,26.5,21,30.2,0
25-03-2005,28.3,22.1,,0
26-03-2005,27.8,19.2,33.4,0
27-03-2005,28,21,33.6,0
28-03-2005,27.1,21.1,31.2,0
29-03-2005,27.3,23,30.6,0
30-03-2005,26.9,22.5,31.1,0
31-03-2005,27.7,21.6,32.6,0
01-04-2005,27.8,21.1,,0
02-04-2005,30.4,23.3,36,0
03-04-2005,31.8,22.8,,0
04-04-2005,31.1,25,38.7,0
05-04-2005,29.9,22.6,,0
06-04-2005,30,24.5,,0
07-04-2005,29.2,,33.1,0
08-04-2005,28.1,,,0
09-04-2005,27.8,22.4,32.1,0
10-04-2005,28.5,21.5,35.1,0
11-04-2005,28.4,19.7,36.1,0
12-04-2005,29.1,23,34.7,0
13-04-2005,28.7,25.6,,0
14-04-2005,28.7,,34.7,0
15-04-2005,28.9,25.6,33.5,0
16-04-2005,28.4,,34.6,0
17-04-2005,28.6,25.6,33.5,0
18-04-2005,29.4,23,36.9,0
19-04-2005,29.6,22,35.6,0
20-04-2005,30.1,24,35.6,0
21-04-2005,28.7,,33.4,0
22-04-2005,28.3,25.8,31.6,
23-04-2005,29,27,33.3,0
24-04-2005,29.6,25.8,34.1,0
25-04-2005,28.7,,33.5,0
26-04-2005,28.7,24.5,34.7,0
27-04-2005,28.1,24.4,32.5,0
28-04-2005,28.4,24.6,33.3,0
29-04-2005,28.3,24,34.1,0
30-04-2005,28.2,24.2,32.5,0
01-05-2005,28.6,24.8,32.6,0
02-05-2005,28.6,25.7,33,0
03-05-2005,28.7,25.7,33,
04-05-2005,29,27,33.3,0
05-05-2005,28.4,,32.6,0
06-05-2005,28.7,25.2,32.8,0
07-05-2005,29,25.9,32.8,0
08-05-2005,28.8,26.8,32.6,0
09-05-2005,28.9,26.6,33.4,0
10-05-2005,29.3,26.6,33.4,0
11-05-2005,28.8,,,0
12-05-2005,29,25,33.5,0
13-05-2005,28.6,24.8,34,0
14-05-2005,28.6,23.6,33.3,0
15-05-2005,28.4,24.4,33,0
16-05-2005,28.9,25.2,33,0
17-05-2005,29.1,26.4,34,0
18-05-2005,29.2,27,33.4,0
19-05-2005,29.6,,33.5,0
20-05-2005,29.4,25.8,33.7,0
21-05-2005,30.6,27.5,33.8,0
22-05-2005,30.9,26.4,33.7,0
23-05-2005,30.6,26.5,33.3,0
24-05-2005,30.8,27.6,33.7,0
25-05-2005,30.8,26.9,33.7,0
26-05-2005,30.6,26.4,33.4,0
27-05-2005,30.8,26.3,33.6,0
28-05-2005,31,28.1,33.9,0
29-05-2005,31.4,27,34.5,0
30-05-2005,31.2,27.3,34.9,0
31-05-2005,31.1,27,33.5,0
01-06-2005,30.8,28.8,34.1,0
02-06-2005,31,28.4,33.5,0
03-06-2005,30.9,27.7,33.4,0
04-06-2005,30.9,28.4,33.8,0
05-06-2005,31.1,28.4,33.7,0
06-06-2005,31.3,27,33.8,0
07-06-2005,31.8,28.8,34.7,0
08-06-2005,31.7,29.2,34.5,0
09-06-2005,31.9,28.9,34.7,0
10-06-2005,31.9,29.2,34.6,0
11-06-2005,31.9,28.5,34.5,0
12-06-2005,31.6,,35,0
13-06-2005,31.4,26.5,34.5,5.1
14-06-2005,32.1,28.8,35.1,0
15-06-2005,31.7,28.8,34.1,0
16-06-2005,31.7,26.7,34,3
17-06-2005,31.8,28.2,34.3,0
18-06-2005,30,27,35,0
19-06-2005,28.5,24.9,,25.9
20-06-2005,27.4,,30.5,13
21-06-2005,27.4,,30.4,32
22-06-2005,27.1,24.4,29,58.9
23-06-2005,25.6,,,108
24-06-2005,26.7,,30.8,119.1
25-06-2005,26.7,24.5,29.6,51.1
26-06-2005,27.6,,31.1,18
27-06-2005,27,,30,29
28-06-2005,27.5,25.5,29.4,74.9
29-06-2005,27.6,,29.3,19.1
30-06-2005,28.3,,31,7.1
01-07-2005,27.1,,29,21.1
02-07-2005,27.7,25.5,29.6,23.1
03-07-2005,28.4,25,31.7,9.9
04-07-2005,28.2,26,31.2,8.9
05-07-2005,28.7,,,3
06-07-2005,28.8,,31.3,0.3
07-07-2005,28.1,,31.4,0
08-07-2005,28.8,27,31.9,2
09-07-2005,28.4,,30.9,0
10-07-2005,28.7,27.8,31.5,
11-07-2005,28.6,,31.3,0
12-07-2005,28.8,26.8,31.8,0
13-07-2005,28.9,,32.1,0.3
14-07-2005,29.2,26.5,32.1,10.9
15-07-2005,28.9,,32,0
16-07-2005,28.9,,32.1,0
17-07-2005,28.4,,31,6.1
18-07-2005,29.2,,31.5,34
19-07-2005,27.9,,,17
20-07-2005,26.6,,29,17
21-07-2005,26.8,23.6,,103.1
22-07-2005,27.8,,30.2,39.1
23-07-2005,28.8,25.6,32,13
24-07-2005,28.2,25.2,31.4,15
25-07-2005,28.1,,,4.1
26-07-2005,27.1,,,461
27-07-2005,27.7,24.2,,0
28-07-2005,28.4,,,19.1
29-07-2005,27.3,24.7,,19.3
30-07-2005,27.6,24.3,30.2,57.9
31-07-2005,25.5,24.8,27.4,67.1
01-08-2005,25.3,,,208
02-08-2005,27.5,24,29.2,149.1
03-08-2005,28,24,,42.9
04-08-2005,26.4,25.6,28,6.1
05-08-2005,27.6,25.2,,16
06-08-2005,27.3,26,30,2
07-08-2005,26.9,24.8,30.2,9.9
08-08-2005,26.7,,30.4,1
09-08-2005,27.7,25.2,30.8,5.1
10-08-2005,27.7,,30.9,0.5
11-08-2005,27,25.5,30,2
12-08-2005,27.2,25,30.4,6.1
13-08-2005,26.9,,30.3,1.8
14-08-2005,27.4,,30.6,4.1
15-08-2005,27.6,,30.7,0.3
16-08-2005,26.9,,30,3
17-08-2005,27.3,25.4,30.6,15
18-08-2005,27.5,24.8,30.7,3
19-08-2005,26.9,24.7,30,7.9
20-08-2005,26.2,,27.4,3
21-08-2005,27.2,25.5,29.4,18
22-08-2005,27.1,25.1,30,3
23-08-2005,27.8,24.5,30.6,1
24-08-2005,27.8,,31.2,0
25-08-2005,27.7,25,31,6.1
26-08-2005,27.1,,30.9,0.3
27-08-2005,27.1,24.2,30.4,7.9
28-08-2005,27.1,,,4.1
29-08-2005,28.1,24.5,31.8,0
30-08-2005,27.7,25.3,31,
31-08-2005,27.8,25.1,30.8,
01-09-2005,27.7,24.7,31.4,
02-09-2005,28.7,,31.9,
03-09-2005,28.6,,32.3,
04-09-2005,25.7,24.8,27.5,37.1
05-09-2005,26.9,24.5,30.9,30
06-09-2005,27.9,24.6,32.7,8.9
07-09-2005,28.2,25.8,31.4,1
08-09-2005,27.4,25.2,30.9,4.1
09-09-2005,26,,,9.9
10-09-2005,26.4,24.5,28.1,223
11-09-2005,26.1,24.7,27.6,36.1
12-09-2005,26.3,24.6,27.6,89.9
13-09-2005,27.3,24.8,29.7,19.1
14-09-2005,27.3,25.5,30.6,17
15-09-2005,27.6,24.7,30.2,18
16-09-2005,27.6,25,30.5,5.1
17-09-2005,26.9,,,7.9
18-09-2005,27.8,23.5,30.5,19.1
19-09-2005,26.2,,29.5,6.1
20-09-2005,25.6,23.8,,9.9
21-09-2005,26.4,,28.8,26.9
22-09-2005,25.2,24.5,,82
23-09-2005,26.9,24.5,28.1,86.1
24-09-2005,27.4,,29.5,3
25-09-2005,27.6,25,30.5,2
26-09-2005,27.4,24.3,30.5,0.8
27-09-2005,27.1,24.2,31.4,0
28-09-2005,27.2,24,31,
29-09-2005,27.5,23.8,30.8,
30-09-2005,25.5,,27.8,0
01-10-2005,26.7,22.7,30,6.1
02-10-2005,26.7,24.1,29.9,0
03-10-2005,25.8,,27.3,0.8
04-10-2005,27.1,24,30.5,24.9
05-10-2005,27.2,24.2,30.8,0
06-10-2005,28.9,23.6,32.9,
07-10-2005,29.7,25.4,35,
08-10-2005,29.6,25,35.8,
09-10-2005,28.8,24.6,36.2,
10-10-2005,29.1,22.3,36,
11-10-2005,29.8,22.6,36,
12-10-2005,29.8,23.5,36.2,
13-10-2005,30.4,24.2,36.4,
14-10-2005,28.9,25.8,32.9,
15-10-2005,28.5,26,33,
16-10-2005,27.7,,31.5,
17-10-2005,27.9,,33.8,0
18-10-2005,27.8,,33,
19-10-2005,28.1,26,32.2,
20-10-2005,28.4,,32.6,
21-10-2005,28.2,,33.5,
22-10-2005,27.7,,35.3,
23-10-2005,27.7,20.9,34.4,
24-10-2005,27.2,,34.6,
25-10-2005,27.7,21,35.1,
26-10-2005,27.7,23.6,,
27-10-2005,27.5,,33.3,0.5
28-10-2005,26.8,19,33.8,0
29-10-2005,26.2,19.9,33.3,
30-10-2005,26.3,18.1,,
31-10-2005,25.4,17.9,33.3,
01-11-2005,25.5,17.1,32.8,
02-11-2005,26.6,21.9,31.8,
03-11-2005,27.3,22.3,33.8,
04-11-2005,27.6,21.8,35.8,
05-11-2005,27.9,20.6,35,
06-11-2005,26.8,20.9,33.5,
07-11-2005,27.4,,,
08-11-2005,27.5,20.8,33.8,
09-11-2005,25.7,,32.8,
10-11-2005,26.2,16.7,34.1,
11-11-2005,25.6,16.2,33.9,
12-11-2005,25.9,16,34.5,
13-11-2005,26.6,18,,
14-11-2005,25.5,16,33.6,
15-11-2005,26.6,18.2,34,
16-11-2005,26.6,18,34.2,
17-11-2005,26.8,17.8,34.7,
18-11-2005,25.7,17.1,35.5,
19-11-2005,25.6,19,34.5,
20-11-2005,25.9,18.5,34.3,
21-11-2005,26.7,16.5,35.4,
22-11-2005,26.2,15,34.4,
23-11-2005,26.7,17,35.2,
24-11-2005,26.5,16.6,35.3,
25-11-2005,26.6,19.5,34.8,
26-11-2005,27.1,18.8,35.4,
27-11-2005,25.8,,33,
28-11-2005,26.6,19.2,34,
29-11-2005,26.4,19.5,32.9,
30-11-2005,26.1,20.4,33.1,
01-12-2005,24.7,21,28.5,
02-12-2005,26.5,20,34,
03-12-2005,27.5,18.9,34,
04-12-2005,27.3,21.5,34.8,
05-12-2005,27.7,,36.5,
06-12-2005,28.2,,34.7,
07-12-2005,26.9,19.1,34.4,
08-12-2005,26.1,18.6,33.3,
09-12-2005,26.4,18.6,34.9,
10-12-2005,25.9,17.8,33.1,
11-12-2005,26.1,17.7,34.1,
12-12-2005,26.1,,33.8,
13-12-2005,26.2,16.7,33.8,
14-12-2005,25.2,15.5,33.6,
15-12-2005,24.8,15.1,,
16-12-2005,25.2,15.3,32.8,
17-12-2005,24.9,15.4,32.7,
18-12-2005,23.8,13.8,31.5,
19-12-2005,22.7,13.5,,
20-12-2005,22.1,13.5,28.8,
21-12-2005,21.7,11.6,28.3,
22-12-2005,22.4,14,27.6,
23-12-2005,22.1,,27.3,
24-12-2005,24,13.3,30.3,
25-12-2005,25.2,,32.3,
26-12-2005,24.1,,32.3,
27-12-2005,23.7,14.3,29.3,
28-12-2005,24.5,,32.5,
29-12-2005,23.6,14.9,30.5,
30-12-2005,23.4,14.3,29.2,
31-12-2005,24.8,13.7,32.3,
01-01-2006,23.1,15.2,31.8,
02-01-2006,22.7,15.9,27.5,
03-01-2006,22.9,17,,
04-01-2006,23.9,15.5,32.7,
05-01-2006,23.9,16.1,33.6,
06-01-2006,25.2,16.2,32.3,
07-01-2006,24.9,15.7,34.8,
08-01-2006,26.1,16.7,34.7,
09-01-2006,26.8,18.6,34.8,
10-01-2006,27.2,18.3,34.4,
11-01-2006,26.1,18,35.3,
12-01-2006,24.7,17.2,30.8,
13-01-2006,24.4,15.5,33.3,
14-01-2006,25.1,15.2,34,
15-01-2006,27.3,,37.4,
16-01-2006,26.4,18.9,34.1,
17-01-2006,25.4,18.1,32.3,
18-01-2006,25.5,18,31.2,
19-01-2006,25.4,18,34.9,
20-01-2006,24.6,18.2,32.5,
21-01-2006,24.7,16.9,,
22-01-2006,23.3,16,29.8,
23-01-2006,22.2,16.2,27.8,
24-01-2006,22.7,13.4,30.5,
25-01-2006,23.9,14.5,30.7,
26-01-2006,23.9,,33.6,
27-01-2006,23.2,13.6,33.7,
28-01-2006,24.8,13,35,
29-01-2006,25.1,,34.3,
30-01-2006,25.2,14.6,35.8,
31-01-2006,25.7,14.9,36,
01-02-2006,25.8,17.4,33.5,
02-02-2006,26.6,16.4,36.2,
03-02-2006,27.1,17.8,37.5,
04-02-2006,27.4,17.8,,
05-02-2006,27.2,16.4,35.8,
06-02-2006,26.9,15.6,34.7,
07-02-2006,26,15.3,33.2,
08-02-2006,25.8,16.6,33.3,
09-02-2006,26.1,16,35.1,
10-02-2006,25.7,16.6,33.6,
11-02-2006,26.2,16.3,36.8,
12-02-2006,26.9,16.4,35,
13-02-2006,26.2,18.5,35.4,
14-02-2006,26.3,18.2,32.5,
15-02-2006,26.6,20.5,32.6,
16-02-2006,25.8,17.8,32.5,
17-02-2006,25.3,17.1,,
18-02-2006,26.2,18.6,33.8,
19-02-2006,27.7,18.6,35.1,
20-02-2006,28.5,19.8,36.2,
21-02-2006,29.1,21.2,36,
22-02-2006,26.5,21.5,32.4,
23-02-2006,28.6,21.3,34.1,
24-02-2006,30.3,20.9,,
25-02-2006,27.4,21.4,34,
26-02-2006,26.4,23.5,31.7,
27-02-2006,27.1,22.3,32,
28-02-2006,27.1,22,33.5,
01-03-2006,27.2,22.6,33.4,
02-03-2006,28.4,22,33.3,
03-03-2006,27.3,21.5,33.3,
04-03-2006,26.4,,33.7,
05-03-2006,25.4,16.2,31.3,
06-03-2006,25.1,18,30.5,
07-03-2006,25.4,20,30.5,
08-03-2006,25.8,20.4,30.7,
09-03-2006,22.8,,,1
10-03-2006,24.8,18.5,29,11.9
11-03-2006,24.6,,29.3,0
12-03-2006,25,18.7,30,
13-03-2006,26.4,19.1,31.6,
14-03-2006,26.6,21,31.5,
15-03-2006,26.1,,30,
16-03-2006,25.9,21.6,30.2,
17-03-2006,26.7,21,31.7,
18-03-2006,26.8,22.1,31.7,
19-03-2006,28.3,22.7,35.5,
20-03-2006,28.2,23.5,35.2,
21-03-2006,27.4,21.8,32.3,
22-03-2006,30,20.8,36,
23-03-2006,28.8,23,34.3,
24-03-2006,28,22.6,33.2,
25-03-2006,28.1,21.5,,
26-03-2006,28,,34,
27-03-2006,27,20.2,31.9,
28-03-2006,28.9,20.5,33.8,
29-03-2006,30.9,19.7,38,
30-03-2006,29.3,21.8,37.5,
31-03-2006,27.6,,31.5,
01-04-2006,27.9,23,32.5,
02-04-2006,27.8,22.3,32.8,
03-04-2006,27.4,21.3,31.8,
04-04-2006,27.7,21.7,33.7,
05-04-2006,28.2,22,32.9,
06-04-2006,27.7,23.6,31.9,
07-04-2006,27.8,23.6,32.3,
08-04-2006,27.7,22.6,33.3,
09-04-2006,28,23.7,33.2,
10-04-2006,27.9,23.2,32.6,
11-04-2006,27.2,24,31.4,
12-04-2006,26.8,,31,
13-04-2006,27.3,22.2,31.2,
14-04-2006,27.9,22,32.5,
15-04-2006,28.4,22.6,32.8,
16-04-2006,27.7,24.5,31.9,
17-04-2006,27.5,24,31.9,
18-04-2006,27.7,24.1,31.6,
19-04-2006,28.8,24.2,34,
20-04-2006,28.8,23.8,35.3,
21-04-2006,29.1,25.5,33.7,
22-04-2006,28.5,25.4,32.6,
23-04-2006,28,24.9,32.2,
24-04-2006,27.8,24,32.6,
25-04-2006,27.9,23.9,32.5,
26-04-2006,27.8,24.6,32.1,
27-04-2006,27.7,24.1,32,
28-04-2006,27.9,23.9,31.8,
29-04-2006,28,24.5,32.1,
30-04-2006,28,24.5,32.1,
01-05-2006,28.2,24.8,32.1,
02-05-2006,28.7,24.7,33,
03-05-2006,28.4,25.8,33,
04-05-2006,28.6,25.1,33,
05-05-2006,28.8,25.6,32.9,
06-05-2006,28.7,26,33,
07-05-2006,28.6,25.3,32.6,
08-05-2006,28.6,,33.5,
09-05-2006,28.9,25.6,,0
10-05-2006,28.8,25.8,33.2,
11-05-2006,29,25.3,33.2,
12-05-2006,29.1,25.4,33.8,
13-05-2006,29,,33.5,
14-05-2006,29.4,25.4,34,
15-05-2006,29.3,25.9,33.7,
16-05-2006,29.6,26.5,34.1,
17-05-2006,29.6,25.6,34.5,
18-05-2006,29.5,26.3,33.6,
19-05-2006,29.5,27.2,33.8,
20-05-2006,29.7,,33.9,
21-05-2006,29.8,,33.7,
22-05-2006,30,,35.2,
23-05-2006,30.1,28.6,34.2,
24-05-2006,29.9,28.8,33.8,
25-05-2006,29.9,,33.8,
26-05-2006,30.2,28.9,34.1,
27-05-2006,30.5,,34.5,
28-05-2006,30,,33.4,0
29-05-2006,30.2,28.9,34.6,
30-05-2006,28.9,,34,
31-05-2006,25.8,,30.7,45
01-06-2006,25.6,23.2,,180.1
02-06-2006,27.3,24,30.8,15
03-06-2006,27.3,,32.1,0.3
04-06-2006,27.9,25.6,32.6,5.1
05-06-2006,28.6,,32.6,0
06-06-2006,28.6,,,
07-06-2006,28.9,24.5,33,3
08-06-2006,29.3,27,33,0
09-06-2006,29.2,,33.7,0.3
10-06-2006,29.3,26.2,33.3,0
11-06-2006,29.4,,33.1,0
12-06-2006,29.1,26.1,33,2
13-06-2006,28.8,26.6,33,0
14-06-2006,29.3,27.5,33.5,0.3
15-06-2006,29.3,27.6,33.5,1
16-06-2006,29.7,27.2,33.5,6.1
17-06-2006,29.6,,33.6,0
18-06-2006,30.1,27.6,34,8.9
19-06-2006,29.2,,34,0
20-06-2006,28.5,,33.8,
21-06-2006,28.4,,34,0
22-06-2006,27.8,,33.3,0
23-06-2006,28.2,23.7,31.2,21.1
24-06-2006,29.3,24.4,33.1,10.9
25-06-2006,28.3,26.2,31.3,15
26-06-2006,28.6,26.6,32.4,0.3
27-06-2006,26.8,,,45
28-06-2006,28.4,25.4,32.1,113
29-06-2006,27.6,,30.5,19.1
30-06-2006,26.7,,29,33
01-07-2006,26.4,25.6,,53.1
02-07-2006,26.2,26,28,66
03-07-2006,25.8,,,165.1
04-07-2006,24.9,,,151.9
05-07-2006,25.6,23,,230.9
06-07-2006,27.8,,31.6,119.9
07-07-2006,28.2,,31.1,7.1
08-07-2006,28.2,,31,1
09-07-2006,28,26.4,31.1,0.3
10-07-2006,27.8,26,30.2,0.8
11-07-2006,27.8,25.5,31,7.9
12-07-2006,27.8,26.4,,7.9
13-07-2006,28.3,,30.9,3
14-07-2006,28.3,,31.2,4.1
15-07-2006,28,,31.3,1
16-07-2006,28.3,,31.6,1
17-07-2006,27.8,26.8,31.5,2
18-07-2006,27.6,20.1,30.9,0.3
19-07-2006,27.6,25.6,31,2
20-07-2006,27.3,,30.7,5.1
21-07-2006,26.6,24.8,29.3,10.9
22-07-2006,26.2,,,23.9
23-07-2006,26.3,25,,61
24-07-2006,27.4,25,30.5,29
25-07-2006,27.5,,30.7,4.1
26-07-2006,27.4,24.7,31.1,18
27-07-2006,27.3,25.3,29.2,8.9
28-07-2006,26.6,,28.5,18
29-07-2006,26.8,,28.3,18
30-07-2006,27,25.6,29,11.9
31-07-2006,27.1,,30.4,25.9
01-08-2006,26.8,,30.3,13
02-08-2006,27.2,,30.2,23.9
03-08-2006,27.1,,30.5,3
04-08-2006,27.1,25.7,30.1,0.5
05-08-2006,25.6,,27.4,2
06-08-2006,24.9,,26.1,115.1
07-08-2006,25.1,,,224
08-08-2006,25.8,,28.6,146.1
09-08-2006,26.7,24.2,28.6,103.9
10-08-2006,26.3,,27.7,6.1
11-08-2006,26.9,26,29.4,11.9
12-08-2006,26.5,,29,3
13-08-2006,26.9,25.6,30,7.1
14-08-2006,26.8,,29.6,5.1
15-08-2006,26.4,25,30.1,13
16-08-2006,24.8,,26.4,54.1
17-08-2006,26.2,,29.6,113
18-08-2006,26.8,25.9,30,7.9
19-08-2006,26.4,,29.6,1
20-08-2006,26.4,,30,10.9
21-08-2006,26.8,,30,2
22-08-2006,26.3,,29.6,0.3
23-08-2006,26.8,25,30.6,9.9
24-08-2006,27,,30.8,0.5
25-08-2006,26.6,24.5,30,31
26-08-2006,26.7,25.4,30.5,6.1
27-08-2006,26.9,,30.2,14
28-08-2006,26.8,,30,7.9
29-08-2006,27.1,25.5,30.6,6.1
30-08-2006,27.4,26.5,30,2
31-08-2006,27.4,,31,1
01-09-2006,25.9,,29.1,0
02-09-2006,26.3,24,31,50
03-09-2006,26.6,,30.2,5.1
04-09-2006,27.3,24.7,30.6,3
05-09-2006,26.7,24.5,,41.9
06-09-2006,26.1,24,29.8,34
07-09-2006,27.3,25,31,9.9
08-09-2006,27.7,24.9,31.4,0
09-09-2006,28.2,25.9,32.4,
10-09-2006,28.6,25.9,32,
11-09-2006,28.2,,31.8,
12-09-2006,27.7,,31,
13-09-2006,28.1,25.9,31.7,
14-09-2006,26.2,,30.5,
15-09-2006,27.2,24.6,31.8,
16-09-2006,27.1,,31.7,
17-09-2006,26.4,,31,
18-09-2006,26.1,,29.9,
19-09-2006,27.7,25,32.1,
20-09-2006,26.7,,31.8,
21-09-2006,26.9,,30.7,0.8
22-09-2006,26.8,,,5.1
23-09-2006,27.4,,31.6,0.5
24-09-2006,27.7,25,32.3,1
25-09-2006,27.8,,32.1,0.3
26-09-2006,26.5,,29.1,0
27-09-2006,27,24.8,31,5.1
28-09-2006,27.1,,30.8,0
29-09-2006,28.3,25.2,31.1,6.1
30-09-2006,28.2,23.9,30.8,21.1
01-10-2006,25.8,,,22.1
02-10-2006,26.4,23.9,30,81
03-10-2006,28.2,24,32.4,96
04-10-2006,27.8,,31.2,0
05-10-2006,28,,31.7,2
06-10-2006,28.1,,31.5,0
07-10-2006,27.8,25.1,31.8,
08-10-2006,27.5,24.4,30.8,
09-10-2006,27.9,24.3,31.8,
10-10-2006,28.3,,32,
11-10-2006,28.5,25.8,32.7,0
12-10-2006,28.7,,32.8,
13-10-2006,29.5,25.9,35.1,
14-10-2006,30.1,25.3,36.5,
15-10-2006,30.2,24.8,35.9,
16-10-2006,30.6,23.5,36.2,
17-10-2006,30.2,24,36.8,
18-10-2006,29.9,24.7,35.4,
19-10-2006,29.2,24,35.8,
20-10-2006,29.3,23.1,36,
21-10-2006,29.8,24.3,35.5,
22-10-2006,29.7,,36,
23-10-2006,29.6,23.3,36,
24-10-2006,29.7,,36,
25-10-2006,30.1,,35.8,
26-10-2006,29.4,22.9,36,
27-10-2006,29.8,22.9,35.3,
28-10-2006,29.7,22.9,34.9,
29-10-2006,29.2,23.5,35.1,
30-10-2006,29.3,24,34.3,
31-10-2006,29.3,,35.6,
01-11-2006,28.7,22.9,35.3,
02-11-2006,28.6,24.4,35.3,
03-11-2006,28.1,22.9,33,
04-11-2006,28.8,23.2,33.6,
05-11-2006,27.4,,35,
06-11-2006,27.7,22.1,33.8,
07-11-2006,27.9,22.2,33.6,
08-11-2006,27.7,,33,
09-11-2006,28.2,21.5,34,
10-11-2006,28,,34.1,
11-11-2006,28.2,19.8,34.5,
12-11-2006,27.7,19.9,33.6,
13-11-2006,27.7,20.5,34,
14-11-2006,28,20.8,34.6,
15-11-2006,28.4,21.2,35.1,
16-11-2006,28.2,21.3,35.6,
17-11-2006,28.4,20.7,35,
18-11-2006,28.6,21.3,35,
19-11-2006,28.4,21.3,35.5,
20-11-2006,28.8,22.6,35.7,
21-11-2006,28.4,22,34.7,
22-11-2006,27.8,24,31.8,
23-11-2006,27.7,,32.5,0
24-11-2006,27.4,23.5,32.1,
25-11-2006,27.4,,32.5,
26-11-2006,27.3,20.9,33.8,
27-11-2006,27.4,19.6,33.2,
28-11-2006,27.4,19.4,34,
29-11-2006,27.4,22.7,34.5,
30-11-2006,27.4,22,32.7,
01-12-2006,27.1,22.8,32.8,
02-12-2006,26.7,,32.5,
03-12-2006,26.8,,33.6,
04-12-2006,27.4,19.3,35,
05-12-2006,26.9,19.9,33.5,
06-12-2006,26.5,20.4,,
07-12-2006,26.5,20.3,34,
08-12-2006,25.9,19.7,33.4,
09-12-2006,25.7,18.8,33.3,
10-12-2006,25.3,18.3,32.5,
11-12-2006,24.9,17.1,31.2,
12-12-2006,25.6,16.3,33.4,
13-12-2006,26.6,,33.3,
14-12-2006,28.2,19.9,35.2,
15-12-2006,27.2,,34.2,
16-12-2006,27.1,17.4,34.4,
17-12-2006,27,16.6,34.2,
18-12-2006,25.7,15.6,33.6,
19-12-2006,26.1,16.5,34.8,
20-12-2006,26,16.7,33.8,
21-12-2006,25.1,17.4,33,
22-12-2006,26.2,19.1,33.7,
23-12-2006,26.7,18.4,33.6,
24-12-2006,26.3,,33,
25-12-2006,25.7,,32,
26-12-2006,25.4,18.6,32.5,
27-12-2006,25.7,19,31.4,
28-12-2006,26,19.2,33.7,
29-12-2006,25.8,18.3,33.3,
30-12-2006,25.8,19.4,32,
31-12-2006,24.4,17.2,30.8,
01-01-2007,24.3,15.5,32,
02-01-2007,24.3,16.3,31.8,
03-01-2007,23.7,15.8,,
04-01-2007,23.7,15.4,29,
05-01-2007,23.1,16.3,,
06-01-2007,23.4,16.5,29.4,
07-01-2007,25.6,16.8,34,
08-01-2007,25.7,18.3,33.3,
09-01-2007,25.3,19,32.3,
10-01-2007,25.7,18.4,32.1,
11-01-2007,25.6,17.9,33.1,
12-01-2007,23.4,17.5,30.1,
13-01-2007,24.3,16.8,31,
14-01-2007,23.9,17.5,32,
15-01-2007,24.2,17.7,31,
16-01-2007,24.1,,31,
17-01-2007,24,15,30.2,
18-01-2007,26.1,19.5,34.3,
19-01-2007,26.1,18.1,34,
20-01-2007,24.8,17.1,31.8,
21-01-2007,24.9,17,32.1,
22-01-2007,24.4,16.3,32.3,
23-01-2007,23.5,15.1,30.3,
24-01-2007,27.4,17.4,35.6,
25-01-2007,27.7,21.7,35.6,
26-01-2007,26.8,21,35,
27-01-2007,27.2,19.9,33.7,
28-01-2007,28.2,21.2,35.4,
29-01-2007,28.2,23.6,33,0
30-01-2007,28.9,,35.8,0
31-01-2007,29,22.3,36.4,
01-02-2007,29.1,21.6,37.2,
02-02-2007,25.2,18.2,30.9,
03-02-2007,24.8,18.9,31,
04-02-2007,23.9,17.3,29.6,
05-02-2007,24,17.2,29,
06-02-2007,24.9,18.2,30.7,
07-02-2007,24.3,18.4,29.8,
08-02-2007,24.9,19.7,31.5,
09-02-2007,24.7,20.6,29,
10-02-2007,25,20.6,30.2,
11-02-2007,25.3,22,30.3,
12-02-2007,23.9,,28.7,0
13-02-2007,23.7,,28.5,0.3
14-02-2007,24,18.2,28.8,0
15-02-2007,24.2,,29.1,
16-02-2007,24.6,19.4,29.3,
17-02-2007,25.4,19.2,30.3,
18-02-2007,26.1,19,31.6,
19-02-2007,28.6,19.9,36,
20-02-2007,29.2,23.3,36,
21-02-2007,28.9,,36,
22-02-2007,28.2,,35.7,
23-02-2007,27.8,21.3,35.6,
24-02-2007,26.4,20.6,32.2,
25-02-2007,26.3,,31.8,
26-02-2007,25.8,19.4,30.8,
27-02-2007,25.7,,31.3,
28-02-2007,24.8,19,,
01-03-2007,25.7,21.1,30,
02-03-2007,25.8,,30.8,
03-03-2007,27.4,19.7,33.3,
04-03-2007,28.5,20.4,37,
05-03-2007,29.8,21.6,37,
06-03-2007,28.2,,34.3,
07-03-2007,27,18.9,34.5,
08-03-2007,26.6,20.9,31.5,
09-03-2007,26.8,20,32.7,
10-03-2007,27.7,19.7,34,
11-03-2007,27.4,21.1,33.5,
12-03-2007,26.8,22.7,32.7,
13-03-2007,26.5,,31,
14-03-2007,27.3,22.2,34,
15-03-2007,28.7,19.9,36.8,
16-03-2007,30.6,21.2,40,
17-03-2007,29,22.9,36,
18-03-2007,29.2,23.2,34,
19-03-2007,28.7,23.4,34,
20-03-2007,29.2,23.3,35.6,
21-03-2007,27.3,,32.1,
22-03-2007,25.7,,30,
23-03-2007,27.4,21.4,33.3,
24-03-2007,28.3,23.3,32.5,
25-03-2007,29.2,23.4,35.3,
26-03-2007,29.5,23.3,35.6,
27-03-2007,30.2,24.2,35.4,
28-03-2007,30.3,23.6,37,
29-03-2007,28.3,25.1,33.2,
30-03-2007,27.9,24.4,31.8,
31-03-2007,28.5,,33,
01-04-2007,28.6,,32.8,
02-04-2007,30.3,23.8,,
03-04-2007,30.8,25,36,
04-04-2007,32.3,24.4,38,
05-04-2007,32.1,,,
06-04-2007,29.2,26.6,33.7,
07-04-2007,29.3,,33.9,
08-04-2007,28.9,25.7,33,
09-04-2007,29.4,24.3,33.6,
10-04-2007,29.1,23.8,33.5,
11-04-2007,29.5,23.8,34.5,
12-04-2007,28.4,23.2,33.4,
13-04-2007,28,24.8,32.1,
14-04-2007,28.6,24.6,33.7,
15-04-2007,28.7,24.4,32.9,
16-04-2007,29.1,25.5,34,
17-04-2007,29,25.3,33.4,
18-04-2007,28.9,26.5,32.8,
19-04-2007,29,26.2,32.9,
20-04-2007,29.6,26.4,33.4,
21-04-2007,28.7,25.5,32.6,
22-04-2007,28.5,,33,
23-04-2007,29.1,24.4,35,
24-04-2007,29.3,24,34,
25-04-2007,29.1,24,34,
26-04-2007,30.2,24.3,37,
27-04-2007,29.8,26.5,33.4,
28-04-2007,29.9,26.6,33.3,
29-04-2007,29.8,26.1,33.5,
30-04-2007,29.9,26.5,33.5,
01-05-2007,29.8,,33.5,
02-05-2007,29.6,25.7,33.5,
03-05-2007,29.3,25.4,33,
04-05-2007,29.6,25.6,33.3,
05-05-2007,29.3,26,33.2,
06-05-2007,29.5,26.2,33.3,
07-05-2007,29.8,,34.2,
08-05-2007,30,27.9,33.9,
09-05-2007,30.1,28.6,33.7,
10-05-2007,29.9,,33.7,
11-05-2007,29.7,27.1,33.5,
12-05-2007,29.8,26.7,33.7,
13-05-2007,30.1,27.8,33.8,
14-05-2007,29.8,,33.7,
15-05-2007,29.7,27.5,33.2,
16-05-2007,30.2,27.5,34,
17-05-2007,30.6,28.8,34.7,
18-05-2007,30.2,28.3,33.8,
19-05-2007,30.4,27.9,34.1,
20-05-2007,30.4,,34,
21-05-2007,30.4,,34.5,
22-05-2007,30.4,28.7,34.7,
23-05-2007,30.6,28.3,34.2,
24-05-2007,30.4,28.6,34.1,
25-05-2007,30.3,28.2,34,
26-05-2007,30.7,28.2,34.5,
27-05-2007,30.7,28.2,34.5,
28-05-2007,30.8,,34.2,
29-05-2007,30.8,27.5,34.3,
30-05-2007,31,28.5,34.5,
31-05-2007,29.8,,35.1,
01-06-2007,29.8,24.5,34.6,7.1
02-06-2007,28.8,,34.7,0
03-06-2007,29.2,,35,7.1
04-06-2007,30.8,26.2,35.3,2
05-06-2007,30.8,,35.7,0
06-06-2007,30.7,,35,
07-06-2007,30.8,28.6,34.3,4.1
08-06-2007,30.9,29.2,,0
09-06-2007,30.9,,34.7,
10-06-2007,30.9,,34.3,
11-06-2007,31,,,
12-06-2007,31.3,,35,
13-06-2007,29.9,,34.8,0.8
14-06-2007,28.9,,33.3,0
15-06-2007,28.7,26,33.3,17
16-06-2007,28.9,26.8,34.9,3
17-06-2007,27.6,,32.1,0
18-06-2007,27.8,25.1,32.3,22.1
19-06-2007,27.8,25.6,31.9,22.1
20-06-2007,27.3,25.3,31.8,33
21-06-2007,28.8,25.3,33.5,8.9
22-06-2007,28.6,,32.3,7.1
23-06-2007,28.4,,,26.9
24-06-2007,26.9,24.6,28.6,210.1
25-06-2007,28.9,24.1,31.6,84.1
26-06-2007,28.9,,32.2,10.9
27-06-2007,28.3,24.9,31.6,17
28-06-2007,26.1,24.6,29.7,8.9
29-06-2007,25.8,,28.6,85.1
30-06-2007,26.9,24.2,,174
01-07-2007,27.6,25.7,29,257
02-07-2007,28.2,26,30.3,45
03-07-2007,27.1,,,36.1
04-07-2007,28.1,,30.6,69.1
05-07-2007,27.9,25.2,29.8,27.9
06-07-2007,28.5,26.3,31.5,9.9
07-07-2007,28.2,26.8,30.3,2
08-07-2007,28.2,,29,0.5
09-07-2007,28.4,27,30.5,6.1
10-07-2007,28.4,,31.4,1
11-07-2007,28.4,,31.8,1
12-07-2007,28.1,27,31.6,5.1
13-07-2007,28.4,26.5,31.6,4.1
14-07-2007,28.6,26.2,31.5,8.9
15-07-2007,28.5,26.8,31.8,2
16-07-2007,28.7,,31.7,3
17-07-2007,28.6,27.2,31.8,3
18-07-2007,28.2,,31.5,0
19-07-2007,28.6,25.8,31.8,9.9
20-07-2007,28.9,26.2,31.8,3
21-07-2007,28.4,26,31.7,1
22-07-2007,28.6,25,31.8,8.9
23-07-2007,28.7,25.8,32.5,0
24-07-2007,29.3,26.2,33.1,0.3
25-07-2007,29.2,26.8,31.5,0
26-07-2007,28.8,26.6,32.2,
27-07-2007,26.8,,31,
28-07-2007,26.8,24.1,,
29-07-2007,26.2,23.8,29,62
30-07-2007,27.4,24.3,30.1,99.1
31-07-2007,27.6,,,4.1
01-08-2007,26.4,,29.2,3
02-08-2007,26.3,23.8,30.4,36.1
03-08-2007,26.4,24,,83.1
04-08-2007,27.1,25,,63
05-08-2007,28.1,,30,24.9
06-08-2007,28.3,24.4,30.3,35.1
07-08-2007,26.6,,,7.1
08-08-2007,28.3,24.5,,101.1
09-08-2007,28.5,26.5,,2
10-08-2007,28.8,26.3,31,5.1
11-08-2007,28.4,25.7,30.9,7.1
12-08-2007,28.4,26.7,30.2,2
13-08-2007,28.5,26.1,30.2,4.1
14-08-2007,28.2,25.5,30,3
15-08-2007,28.3,25.4,30.4,5.1
16-08-2007,28.6,26.6,31,1
17-08-2007,28.3,26.4,30.9,0.3
18-08-2007,28.4,26.9,31,1
19-08-2007,27.1,25.7,29,2
20-08-2007,28.3,24.8,31,29
21-08-2007,28.7,26.3,31.1,7.1
22-08-2007,28.4,26.3,31.3,0.5
23-08-2007,28.1,24.8,31,8.9
24-08-2007,28.9,24.8,31.6,5.1
25-08-2007,28.5,26.5,,0
26-08-2007,28,26,,2
27-08-2007,27.6,,30.9,0.5
28-08-2007,26.4,,,0
29-08-2007,26.9,,,
30-08-2007,27.1,25.2,29.7,
31-08-2007,27.7,25.5,,
01-09-2007,27.8,,29.6,
02-09-2007,27.7,25.1,30.9,13
03-09-2007,27.6,25,31.1,3
04-09-2007,27.9,25.4,30.5,21.1
05-09-2007,27.7,25.8,30.4,18
06-09-2007,27.9,25.2,31,18
07-09-2007,27.3,25.2,,14
08-09-2007,28.3,25,31.1,17
09-09-2007,28.6,25.2,31.3,0.5
10-09-2007,28.6,25.3,31.7,0.3
11-09-2007,28.7,24.6,32,4.1
12-09-2007,29.2,24.5,32,0
13-09-2007,29.4,26.2,32,
14-09-2007,29.5,26.2,32.5,0
15-09-2007,28.8,24.7,32.4,7.9
16-09-2007,28.9,24.4,32,5.1
17-09-2007,29.4,25,32.4,0
18-09-2007,26.8,,29.1,
19-09-2007,27.1,24.1,,40.9
20-09-2007,26.7,24.4,30,42.9
21-09-2007,25.8,24.2,,45
22-09-2007,26.6,24.2,,26.9
23-09-2007,27.6,24.7,30.8,19.1
24-09-2007,27.5,24.8,,6.1
25-09-2007,28.2,25,30,30
26-09-2007,27.1,24.5,,51.1
27-09-2007,28.2,24.8,32.1,41.9
28-09-2007,27.3,,,0.5
29-09-2007,28,24.7,31.3,6.1
30-09-2007,28.5,24.3,31.4,0
01-10-2007,28.8,,32.4,
02-10-2007,28.5,22.6,32.1,
03-10-2007,29,24.3,32.1,
04-10-2007,28.8,25.2,32.9,
05-10-2007,28.8,,32.5,
06-10-2007,28.7,24,31.6,
07-10-2007,28.8,24,32,
08-10-2007,27.8,,30.8,
09-10-2007,27.4,24.7,29.6,
10-10-2007,29.4,24.6,,
11-10-2007,30.9,25.7,35.5,
12-10-2007,30.8,25.5,35.8,
13-10-2007,30.4,,34.7,
14-10-2007,30.2,21.1,,
15-10-2007,29.2,21.8,34.1,
16-10-2007,29.4,22.9,35.3,
17-10-2007,29.5,21.3,35,
18-10-2007,30.2,,36.1,
19-10-2007,29.8,18.7,,
20-10-2007,29.2,19.8,,
21-10-2007,29.2,20.5,34.8,
22-10-2007,30.4,,,
23-10-2007,30.4,21.2,,
24-10-2007,29.7,21.7,,
25-10-2007,30.1,21.2,35.5,
26-10-2007,29.2,20.4,,
27-10-2007,30.1,21.8,35.8,
28-10-2007,28.7,21.8,35.7,
29-10-2007,28.3,19.2,34,
30-10-2007,30.2,19.6,,
31-10-2007,28.9,23.2,33.5,
01-11-2007,28.2,,,
02-11-2007,29.2,25,34.6,
03-11-2007,29.7,24.8,35,
04-11-2007,30,24.7,35,
05-11-2007,30.5,,36.3,
06-11-2007,30,24.2,,
07-11-2007,29.7,,,
08-11-2007,29.6,,,
09-11-2007,29.2,23.1,,
10-11-2007,28.8,22.2,33.2,
11-11-2007,29.3,22.3,33.3,
12-11-2007,28.8,,33.1,
13-11-2007,28.8,21.8,,
14-11-2007,29,20.6,34.5,
15-11-2007,28.7,18.8,34.1,
16-11-2007,28.4,18.1,,
17-11-2007,28.8,21.1,34,
18-11-2007,27.3,18,33.5,
19-11-2007,26.9,16.9,33.5,
20-11-2007,28.6,18.7,34.5,
21-11-2007,27.8,,33.6,
22-11-2007,27.2,17.8,33.5,
23-11-2007,27.6,16.3,33.7,
24-11-2007,26.8,,33.7,
25-11-2007,26.2,,33,
26-11-2007,26.1,14.4,33.6,
27-11-2007,27.2,15.1,34.3,
28-11-2007,27.3,17.1,34.7,
29-11-2007,27.8,18,,
30-11-2007,28.1,20.1,33,
01-12-2007,27.2,,33.5,
02-12-2007,27.1,17.6,,
03-12-2007,27.6,17.9,33.3,
04-12-2007,28.1,20,33.3,
05-12-2007,27.6,,31.7,
06-12-2007,26.7,,32,
07-12-2007,25.5,17.6,31.8,
08-12-2007,25.7,16.2,,
09-12-2007,25.7,17.4,32.5,
10-12-2007,25.5,18.2,32,
11-12-2007,26,17.2,,
12-12-2007,25.5,20,31.6,
13-12-2007,25.3,18.1,31.2,
14-12-2007,25.4,18,32,
15-12-2007,26.3,17.2,32.2,
16-12-2007,27.8,19.5,34,
17-12-2007,28.6,,34.1,
18-12-2007,27.7,20,34,
19-12-2007,28.1,20.9,33.6,
20-12-2007,29.5,21.4,,
21-12-2007,30.1,21.8,35.3,
22-12-2007,29.6,,,
23-12-2007,28.5,20,35,
24-12-2007,27.6,18.6,,
25-12-2007,26.6,17.4,32.5,
26-12-2007,26.1,17.8,,
27-12-2007,24.9,16.1,,
28-12-2007,24.2,14.9,,
29-12-2007,24.4,13.8,30,
30-12-2007,23.8,14.5,29.8,
31-12-2007,24,15.8,31.7,
01-01-2008,23.3,15.1,29,
02-01-2008,22.8,12.2,29.1,
03-01-2008,23.8,13.6,,
04-01-2008,25.2,14,,
05-01-2008,25.9,15.2,33,
06-01-2008,26,15.1,34.7,
07-01-2008,26,15.4,34,
08-01-2008,26.3,15.6,33.1,
09-01-2008,25.8,15.9,32.5,
10-01-2008,25.6,16.7,,
11-01-2008,24.9,16.4,31.7,
12-01-2008,26.1,16,34.5,
13-01-2008,25.4,16.2,,
14-01-2008,27,16.2,34,
15-01-2008,27.8,18,35.1,
16-01-2008,29.1,19,,
17-01-2008,27.6,18.8,35.1,
18-01-2008,24.9,17.7,30.1,
19-01-2008,22.6,,27.3,
20-01-2008,22.4,12.9,,
21-01-2008,22.8,13.2,28.2,
22-01-2008,22.7,13.5,28,
23-01-2008,21.9,12,27.5,
24-01-2008,22.1,12.6,,
25-01-2008,21.8,11.4,27,
26-01-2008,21.2,10.8,,
27-01-2008,20.9,10.2,27.5,
28-01-2008,23.8,12.1,30.5,
29-01-2008,23.4,12.3,29.7,
30-01-2008,23.2,14,,
31-01-2008,21.4,13.6,28.3,
01-02-2008,22.7,10.9,30.4,
02-02-2008,22.7,12.2,29.5,
03-02-2008,22.5,16.4,26.7,
04-02-2008,20.4,,24.5,
05-02-2008,19.2,10.2,24,
06-02-2008,20.2,9.4,,
07-02-2008,17.7,,23.2,
08-02-2008,17.9,8.5,22.3,
09-02-2008,21.2,8.6,26.4,
10-02-2008,23.3,12.4,29,
11-02-2008,23.1,13.4,,
12-02-2008,24.4,14,32.7,
13-02-2008,25.9,17.2,30.1,
14-02-2008,26.9,17.4,32.4,
15-02-2008,27.6,16.2,,
16-02-2008,25.7,17,31,
17-02-2008,26.2,14.9,31.4,
18-02-2008,25.3,15.4,31.2,
19-02-2008,24.7,15.3,30.3,
20-02-2008,25.4,18.7,29.5,
21-02-2008,25.6,17.5,,
22-02-2008,25.9,15.9,,
23-02-2008,24.7,19.8,,
24-02-2008,24.5,,,
25-02-2008,24.9,15.5,,
26-02-2008,27.3,14.4,35.2,
27-02-2008,29,17,37.6,
28-02-2008,28.8,16.6,37.4,
29-02-2008,28.8,15.8,37,
01-03-2008,28.3,17,,
02-03-2008,27.4,15.8,34.3,
03-03-2008,26.6,17.8,32.1,
04-03-2008,26.8,,31.8,
05-03-2008,26.8,19.7,,
06-03-2008,28,19.2,,
07-03-2008,28.2,17.9,,
08-03-2008,29.3,19.6,,
09-03-2008,28.5,20.2,,
10-03-2008,27,20.1,31.6,
11-03-2008,27.5,23.3,33.1,
12-03-2008,27.3,,31.3,
13-03-2008,27.3,,31.1,
14-03-2008,27.3,19.8,31.4,
15-03-2008,28.3,21.2,32.4,
16-03-2008,29.7,19.2,,
17-03-2008,29.7,20.3,,
18-03-2008,28.4,20.3,33.1,
19-03-2008,27.3,22.4,,
20-03-2008,27.2,20.4,32.2,
21-03-2008,28.6,21.6,33,
22-03-2008,28.8,24.7,33,
23-03-2008,28.1,24.7,32,
24-03-2008,27.9,23.7,32.3,
25-03-2008,27.8,22.9,31.8,
26-03-2008,27.7,22.5,31,
27-03-2008,27.7,22.9,31.1,
28-03-2008,28.2,23.7,31.6,
29-03-2008,28.1,23.2,32,
30-03-2008,27.7,22.1,31.7,
31-03-2008,26.7,21.4,30.5,
01-04-2008,26.3,20.8,30.5,
02-04-2008,26.7,20.9,30.6,
03-04-2008,27.4,20.8,31.4,
04-04-2008,26.9,21.7,31,
05-04-2008,27.5,21.4,31.4,
06-04-2008,28.6,22.6,32,
07-04-2008,28.9,23.5,33.8,
08-04-2008,29,22.8,33.1,
09-04-2008,31.2,23.9,35,
10-04-2008,31.1,24.7,35,
11-04-2008,31.3,24.7,37,
12-04-2008,30.4,24.1,,
13-04-2008,29.7,24.6,33.6,
14-04-2008,30.2,24.1,34.6,
15-04-2008,29.5,23.7,33.3,
16-04-2008,28.7,23.4,32,
17-04-2008,28.8,23.2,32.7,
18-04-2008,29.2,24.2,32.7,
19-04-2008,29.2,25,33.5,
20-04-2008,30.1,24.1,34.5,
21-04-2008,31.1,24.5,35.6,
22-04-2008,31.7,26.4,,
23-04-2008,31.3,24.7,35.3,
24-04-2008,31.1,24.7,35.4,
25-04-2008,30.1,27.7,33.5,
26-04-2008,30.2,27.6,35,
27-04-2008,29.8,26,33.5,
28-04-2008,29.6,27,32.8,
29-04-2008,29.4,25.6,33.3,
30-04-2008,29.2,25.3,32.5,
01-05-2008,29.8,26.2,34,
02-05-2008,29.2,25.3,,
03-05-2008,29.2,25.7,32.6,
04-05-2008,29.1,25.2,32.8,
05-05-2008,29.6,26.5,33,
06-05-2008,29.8,27.2,33,
07-05-2008,29.9,26.4,33.5,
08-05-2008,29.8,25.9,32.9,
09-05-2008,29.9,26.2,33,
10-05-2008,30.1,27.5,33.5,
11-05-2008,29.8,26.2,33,
12-05-2008,29.8,26.8,33,
13-05-2008,29.8,26,33,
14-05-2008,30,26.2,33.3,
15-05-2008,30.1,27.9,33.3,
16-05-2008,30.5,26.6,33.5,
17-05-2008,30.3,28,33.5,
18-05-2008,30.6,28.2,34,
19-05-2008,30.9,28.2,34.5,1
20-05-2008,31,28.4,34.5,0
21-05-2008,30.8,,34,
22-05-2008,31,28.7,34.5,
23-05-2008,31,27.8,34.5,
24-05-2008,30.9,28,34.5,
25-05-2008,31.4,28.3,34.7,
26-05-2008,31.4,28.1,34.8,
27-05-2008,31.7,29,34.5,
28-05-2008,31.5,28.2,34.8,
29-05-2008,31.3,28.6,34.5,
30-05-2008,31.5,29.1,34.5,
31-05-2008,31.5,29.3,34.8,
01-06-2008,31.3,29.2,34.5,
02-06-2008,31.6,28.4,34.7,
03-06-2008,30.6,,34.8,
04-06-2008,30.8,25.2,35.4,7.1
05-06-2008,29.8,,34.8,0.5
06-06-2008,27.6,24.6,32.5,40.9
07-06-2008,26.3,24.4,,162.1
08-06-2008,26.2,24.3,27.5,65
09-06-2008,26.6,25.1,,85.1
10-06-2008,26.2,24.8,27.4,62
11-06-2008,26.9,,31.3,30
12-06-2008,28.2,24.6,,143
13-06-2008,27.6,,30.6,6.1
14-06-2008,28.6,24.3,30.2,15
15-06-2008,29.3,26.9,31.8,33
16-06-2008,29.4,27.8,31.7,0
17-06-2008,29.4,,32.1,0
18-06-2008,29.6,26.3,32,7.1
19-06-2008,29.6,27.9,32,2
20-06-2008,29.4,27.9,31.7,0
21-06-2008,29.6,28.1,31.7,2
22-06-2008,29.2,,31.6,0
23-06-2008,29.5,28,32,0.5
24-06-2008,29.2,28,32,0
25-06-2008,27.9,,31.1,13
26-06-2008,28.3,25.3,31.4,29
27-06-2008,29.2,26,31.9,5.1
28-06-2008,28.7,,31.5,2
29-06-2008,27.2,25.4,,7.9
30-06-2008,26.7,,,83.1
01-07-2008,27.7,24.6,,143
02-07-2008,28.4,26.5,31.5,63
03-07-2008,28.3,,30.5,3
04-07-2008,27.9,24.2,30.8,49
05-07-2008,28.4,24.8,31,7.9
06-07-2008,28.8,25.7,31.4,8.9
07-07-2008,28.8,26.8,31.5,0.5
08-07-2008,28.7,26.6,31.3,6.1
09-07-2008,28.7,27.5,31.1,0
10-07-2008,27.6,,30.6,3
11-07-2008,28.4,25,29.7,62
12-07-2008,28.5,25.8,31.1,0.5
13-07-2008,28.7,25.4,31.7,2
14-07-2008,28.5,25.8,31.3,0.5
15-07-2008,26.6,,29.5,4.1
16-07-2008,28.5,24.9,31.8,14
17-07-2008,28.8,26.4,31.5,7.9
18-07-2008,28.7,,,0
19-07-2008,28.9,27.1,31.7,
20-07-2008,28.7,27.2,31.5,
21-07-2008,28.8,26.3,31.5,2
22-07-2008,28.9,27.2,31.6,0
23-07-2008,28.1,,31.4,0
24-07-2008,25.9,,27.1,16
25-07-2008,25.7,24,28.3,109
26-07-2008,25.9,23.7,,77
27-07-2008,25,,,55.9
28-07-2008,25.9,23.9,,154.9
29-07-2008,26.4,24.8,27.4,134.9
30-07-2008,27.7,24.8,29.2,21.1
31-07-2008,27.8,25.8,30.8,2
01-08-2008,28.1,25.9,31,0
02-08-2008,27.3,24.7,29.5,17
03-08-2008,28,25,31,7.9
04-08-2008,27.7,24.8,30.3,7.9
05-08-2008,25.9,,,8.9
06-08-2008,26.5,23.4,,96
07-08-2008,27.8,25.1,29.6,39.1
08-08-2008,26.8,,28.3,5.1
09-08-2008,27.2,24.5,29.9,120.9
10-08-2008,26.4,24.7,27.3,32
11-08-2008,26.2,24.8,,48
12-08-2008,26.4,25,,68.1
13-08-2008,26.4,,28.3,16
14-08-2008,27.1,24.8,30,37.1
15-08-2008,26.6,24.2,29.5,49
16-08-2008,26.6,24.8,29.5,14
17-08-2008,27.2,24.9,30,8.9
18-08-2008,27.6,,30.4,2
19-08-2008,27.6,26,,0
20-08-2008,27.7,,31,0.5
21-08-2008,27.6,,30.6,0
22-08-2008,27.8,24.7,30.6,0.3
23-08-2008,25.7,,28.6,3
24-08-2008,25.8,23.4,27.5,22.1
25-08-2008,27.8,24.3,30.8,3
26-08-2008,27.2,25.4,30,8.9
27-08-2008,27.7,25.1,30.5,11.9
28-08-2008,27.9,25.2,31,0
29-08-2008,27.9,25,30.7,
30-08-2008,28.6,25.1,31.5,0
31-08-2008,28.3,25.3,31.3,
01-09-2008,28.6,25.4,31,2
02-09-2008,28.3,,32.4,0
03-09-2008,29,25.1,32.6,1
04-09-2008,27.7,,31.3,0
05-09-2008,26.2,,30.5,8.9
06-09-2008,27.5,24.7,31,15
07-09-2008,28.1,24.7,31,3
08-09-2008,27.4,25.2,30.6,1
09-09-2008,25.8,24.2,29,29
10-09-2008,26.6,24.6,30.1,36.1
11-09-2008,27.6,24.9,31,13
12-09-2008,27.4,25.4,30.8,2
13-09-2008,26.6,,28.5,3
14-09-2008,26.4,24.8,29.1,8.9
15-09-2008,26.1,,29.2,33
16-09-2008,25.7,23.9,28.6,33
17-09-2008,27.6,23.4,29.9,119.1
18-09-2008,27.8,,30.7,0
19-09-2008,26.8,,28,5.1
20-09-2008,27.2,,,10.9
21-09-2008,27.6,25.6,31,3
22-09-2008,27.7,24.9,30.8,0
23-09-2008,27.6,24.7,30.4,
24-09-2008,27.8,23.8,33.3,
25-09-2008,27.7,23.6,31.5,
26-09-2008,27.2,,30.5,
27-09-2008,27.6,22.9,31.5,
28-09-2008,27.5,22.9,31.5,
29-09-2008,27.4,22.4,31.4,
30-09-2008,27.6,22.8,31.4,
01-10-2008,27.6,22.8,31.1,
02-10-2008,27.8,22.7,31,
03-10-2008,27.3,,31,
04-10-2008,27.4,23.8,32.1,
05-10-2008,27.6,24.1,31.8,
06-10-2008,28.1,23.8,32.2,0
07-10-2008,27.7,25.2,32.7,
08-10-2008,27.9,24.4,31.4,8.9
09-10-2008,28.1,,32.5,7.9
10-10-2008,29.3,23.7,35,0
11-10-2008,30.6,24.3,36,0
12-10-2008,31.1,,36.4,
13-10-2008,31.2,24.7,,
14-10-2008,31,24.5,,
15-10-2008,31.4,23.4,37,
16-10-2008,31.7,22.8,36.6,
17-10-2008,31.4,23.5,36.6,
18-10-2008,31.4,22.9,36.4,
19-10-2008,30.6,24.2,36,
20-10-2008,30.6,23.5,36.2,
21-10-2008,30.7,22.8,35.6,
22-10-2008,29.9,20,35.5,
23-10-2008,31.2,23,,
24-10-2008,30.6,,,
25-10-2008,29.6,18.7,35.5,
26-10-2008,28.1,19.7,34,
27-10-2008,28.1,20.9,33.1,
28-10-2008,28.1,21.4,32.3,
29-10-2008,28.2,21.6,35,
30-10-2008,29.1,22.2,,
31-10-2008,28.7,21.4,35.3,
01-11-2008,29.3,21.8,35,
02-11-2008,29.1,21,36,
03-11-2008,29.1,20.2,36.5,
04-11-2008,28.9,19.2,36,
05-11-2008,28.8,20,,
06-11-2008,28.7,19.7,35.3,
07-11-2008,28.4,20.2,35.9,
08-11-2008,28.2,20.3,35,
09-11-2008,28.4,19,35.2,
10-11-2008,29.3,19.2,35.5,
11-11-2008,28.6,19.8,35.6,
12-11-2008,28.8,19.2,34,
13-11-2008,28.2,18.6,34,
14-11-2008,26.5,17.3,31.6,
15-11-2008,27.8,19.4,33.7,
16-11-2008,28.7,20.2,33.7,
17-11-2008,29.4,21.2,33.9,
18-11-2008,29,25.6,33.3,
19-11-2008,29.8,24.1,33.7,
20-11-2008,29.8,24.2,35.5,
21-11-2008,29.9,23.3,34.9,
22-11-2008,30.2,24.3,36,
23-11-2008,30.1,24.2,36,
24-11-2008,29.5,,,
25-11-2008,27.8,19.6,35.1,
26-11-2008,27.2,16.4,34,
27-11-2008,26.8,14.7,34.8,
28-11-2008,28.4,16.6,32.3,
29-11-2008,28.7,25,32.3,0
30-11-2008,29,24.5,32.5,0
01-12-2008,28.8,25.2,,
02-12-2008,28.5,24.7,34.1,
03-12-2008,29.3,23.9,35.6,
04-12-2008,29.8,23.4,36,
05-12-2008,29.9,,37.7,
06-12-2008,28,20.5,35.3,
07-12-2008,27.9,17.8,35.1,
08-12-2008,27.9,18.2,36,
09-12-2008,27.5,18,35.3,
10-12-2008,27.6,19.2,34.3,
11-12-2008,26.6,19.7,32.5,
12-12-2008,26.6,20.5,32.3,
13-12-2008,27.8,20.4,34,
14-12-2008,28.8,20.6,35.4,
15-12-2008,28.7,22.7,35.3,
16-12-2008,28,19.8,34.8,
17-12-2008,28.6,20,35.6,
18-12-2008,27.8,,34.6,
19-12-2008,27.9,18.1,33.7,
20-12-2008,27.6,,,
21-12-2008,27.4,22.2,33,0
22-12-2008,27.7,21.2,33.9,
23-12-2008,27.8,20.2,35.6,
24-12-2008,27.3,18.6,34.6,
25-12-2008,26.5,16.9,33.2,
26-12-2008,25.6,16.1,,
27-12-2008,24.8,15.7,30.7,
28-12-2008,24.2,,30.6,
29-12-2008,23.7,13.8,31.6,
30-12-2008,24.1,14.1,,
31-12-2008,23.2,12.8,30.2,
01-01-2009,24.4,13.9,31.6,
02-01-2009,25.6,15.3,33,
03-01-2009,25.5,18.2,31.3,
04-01-2009,25.2,19.3,31,
05-01-2009,24.4,17.6,31,
06-01-2009,23.3,16,29.3,
07-01-2009,23.9,15.3,29,
08-01-2009,24.1,16,30.3,
09-01-2009,24.6,17.2,31,
10-01-2009,25.6,17.2,32.8,
11-01-2009,26.4,18.4,32.4,
12-01-2009,27.1,18.9,34.7,
13-01-2009,26.9,19.4,34.8,
14-01-2009,27.2,20.2,34,
15-01-2009,26.8,18.4,34,
16-01-2009,27,18.4,34.4,
17-01-2009,26.9,18.8,34.5,
18-01-2009,26.8,18.4,34.3,
19-01-2009,27.2,19.9,34.1,
20-01-2009,27.5,18.7,34.1,
21-01-2009,27.4,18.6,35.1,
22-01-2009,28.1,19,35.8,
23-01-2009,28.6,18.6,36.4,
24-01-2009,28,20.2,37.1,
25-01-2009,26.4,18.8,32,
26-01-2009,25.4,18.6,31.8,
27-01-2009,24.9,18.2,31.8,
28-01-2009,25.9,16.3,32.4,
29-01-2009,25.6,16.8,31.1,
30-01-2009,26.1,17.9,33.4,
31-01-2009,26.1,16.9,32.6,
01-02-2009,25.4,17.3,32.7,
02-02-2009,25.1,16.7,32.8,
03-02-2009,24.8,15,30.3,
04-02-2009,24.1,15.6,30.3,
05-02-2009,24,15.7,29.5,
06-02-2009,25.3,17.4,30.5,
07-02-2009,25.8,16.3,33.4,
08-02-2009,27.2,18.5,33,
09-02-2009,26.2,19.2,32.9,
10-02-2009,24.6,19.2,31.5,
11-02-2009,24.3,17.6,32,
12-02-2009,24.2,14.7,30.5,
13-02-2009,24.4,16.8,30.6,
14-02-2009,25,17.2,30,
15-02-2009,26.2,20,32.1,
16-02-2009,27.1,18.1,,
17-02-2009,27.7,19.2,33.1,
18-02-2009,28.2,19.5,33.6,
19-02-2009,28,18.6,33.2,
20-02-2009,29.1,19.1,36,
21-02-2009,29.4,21.1,37.6,
22-02-2009,28.2,19.5,33.9,
23-02-2009,28.8,19.1,35,
24-02-2009,26.3,19.6,32.2,
25-02-2009,26.3,18.8,32.4,
26-02-2009,28.2,19.9,34.5,
27-02-2009,29.7,20,,
28-02-2009,30.1,19.7,37,
01-03-2009,30.4,20.2,36.5,
02-03-2009,30.9,21.3,36.7,
03-03-2009,30.2,20.3,36.3,
04-03-2009,28.8,20.9,35,
05-03-2009,27.3,21.6,,
06-03-2009,28,21.7,33.3,
07-03-2009,28.7,19.6,,
08-03-2009,26.4,23.1,31.5,
09-03-2009,28.2,21.3,32.7,
10-03-2009,29.9,23,36,
11-03-2009,29.4,22,35.2,
12-03-2009,29.8,21.5,37,
13-03-2009,28.9,21.9,34.4,
14-03-2009,29.2,22.3,35,
15-03-2009,28.9,22.1,35.3,
16-03-2009,28.4,21.6,,
17-03-2009,29.4,21.6,35,
18-03-2009,29.8,21.2,,
19-03-2009,27.9,21.7,32.1,
20-03-2009,27.8,21.6,32.3,
21-03-2009,27.4,22.2,32.8,
22-03-2009,28.6,22,32.9,
23-03-2009,30.4,21.3,37.8,
24-03-2009,27.9,21.4,32.7,
25-03-2009,29.4,22,,
26-03-2009,29,21.1,34,
27-03-2009,27.6,,32.6,
28-03-2009,28.6,21.3,32.3,
29-03-2009,29.4,23.7,35.3,
30-03-2009,30.3,23.4,34.8,
31-03-2009,30.4,23.8,,
01-04-2009,31.5,25.6,,
02-04-2009,31,26,,
03-04-2009,31.2,24.8,,
04-04-2009,30,26.9,35,
05-04-2009,31.3,26.2,,
06-04-2009,33.2,25.7,38.1,
07-04-2009,32.1,26,,
08-04-2009,28.6,24.4,33.1,
09-04-2009,29.4,21.7,,
10-04-2009,31.9,21.1,,
11-04-2009,32.1,23.4,,
12-04-2009,32.4,24.1,38.1,
13-04-2009,30.4,24.6,,
14-04-2009,29.4,25,33.1,
15-04-2009,28.6,24.2,32.8,
16-04-2009,29.4,24.2,34.5,
17-04-2009,29.3,25.3,33.8,
18-04-2009,30.7,,,
19-04-2009,29.9,25.4,34.3,
20-04-2009,29.3,,33.5,
21-04-2009,28.7,26.5,32.8,
22-04-2009,28.8,25,32.3,
23-04-2009,29.7,24.7,33.3,
24-04-2009,31.5,22.7,37.1,
25-04-2009,31,24.9,37.5,
26-04-2009,30.4,26.3,,
27-04-2009,30,26,33.7,
28-04-2009,29.6,26.9,33.3,
29-04-2009,29.6,26.8,34,
30-04-2009,29.4,26.8,33.2,
01-05-2009,29.3,25.9,33.3,
02-05-2009,29.6,25.4,33.4,
03-05-2009,30.2,25.6,34.7,
04-05-2009,29.8,,33.6,
05-05-2009,30,27.1,34,
06-05-2009,29.7,26.2,33.3,
07-05-2009,30,25.8,34.3,
08-05-2009,30.6,26,35.5,
09-05-2009,29.8,24.2,34,
10-05-2009,29.5,25.3,33.3,
11-05-2009,29.7,27.2,33.7,
12-05-2009,29.6,25,33.2,
13-05-2009,29.8,27.4,33.3,
14-05-2009,30.1,,33.8,
15-05-2009,30.1,,33.6,
16-05-2009,30.1,,33.9,
17-05-2009,30.3,27.9,34,
18-05-2009,30.4,28.1,34.2,
19-05-2009,30.5,28.5,34,
20-05-2009,30.4,28.8,34.4,
21-05-2009,30.5,28.8,34,0.3
22-05-2009,30.3,28.6,34.2,0
23-05-2009,30.6,28.7,34,
24-05-2009,30.4,28.8,34,
25-05-2009,30.3,28.5,34,
26-05-2009,30.4,28.5,34,
27-05-2009,30.4,28.5,34,
28-05-2009,30.3,28.2,34,
29-05-2009,30.4,27.1,34.3,
30-05-2009,30.7,28.6,34.1,
31-05-2009,30.9,29,34.4,
01-06-2009,31.1,29.3,34.8,
02-06-2009,31.2,29,34.8,
03-06-2009,31,,34.8,
04-06-2009,31.2,,34.7,
05-06-2009,31.1,29.2,34.5,
06-06-2009,31.1,29,34,
07-06-2009,31.2,29.5,34.3,
08-06-2009,31.1,,34.7,0
09-06-2009,30.8,28.8,34.6,
10-06-2009,30.8,28.9,34.8,0
11-06-2009,30.7,28.8,34.1,
12-06-2009,30.6,,34.2,0
13-06-2009,30.9,28.8,34.4,0
14-06-2009,30.8,28.6,34.8,
15-06-2009,30.9,,34.7,0
16-06-2009,31.2,29.5,,0
17-06-2009,31,,,
18-06-2009,31.2,,34.4,
19-06-2009,31.1,,34.4,
20-06-2009,29.7,,34.3,2
21-06-2009,29.4,26.9,34.7,0
22-06-2009,30.2,27.2,,3
23-06-2009,27.8,,31.3,0.8
24-06-2009,28.1,25.8,32.1,7.9
25-06-2009,27.4,,31.8,16
26-06-2009,25.8,,,34
27-06-2009,27.9,24.8,31.3,93
28-06-2009,27.3,,31.3,0
29-06-2009,27.2,25.2,30.4,27.9
30-06-2009,28.7,25.6,32.8,11.9
01-07-2009,27.5,26,31.4,3
02-07-2009,27,,,2
03-07-2009,26.8,25,,51.1
04-07-2009,25.3,24.8,26.3,21.1
05-07-2009,27,24,29.8,244.1
06-07-2009,27.7,25.5,29.7,3
07-07-2009,27.6,,30.8,3
08-07-2009,26.3,,,32
09-07-2009,26.5,,30.3,42.9
10-07-2009,27,24.2,30,35.1
11-07-2009,28.1,25.8,,18
12-07-2009,28.7,25.8,30.5,9.9
13-07-2009,27.7,,31.4,14
14-07-2009,26.3,24.2,,148.1
15-07-2009,27.4,24.2,28.6,274.1
16-07-2009,28.1,18.8,30,20.1
17-07-2009,28.2,25.4,30.7,19.1
18-07-2009,28.3,25.3,30.6,15
19-07-2009,28.3,25.3,31.3,17
20-07-2009,27.4,25.2,28.4,21.1
21-07-2009,27.8,26.5,29.4,15
22-07-2009,27.2,,,15
23-07-2009,27.3,24.3,29.6,36.1
24-07-2009,28.3,23.9,30.4,55.9
25-07-2009,28.2,,30.5,3
26-07-2009,27.6,25.8,,6.1
27-07-2009,28.2,,30.5,6.1
28-07-2009,28.6,25,30.8,7.9
29-07-2009,28.6,26.9,31.3,2
30-07-2009,28.5,26.9,30.8,1
31-07-2009,28.4,26.9,31.4,2
01-08-2009,28.6,26,31,0.5
02-08-2009,28.2,26,31.1,1
03-08-2009,28.6,27,31,0.5
04-08-2009,28.6,27.4,31.1,0
05-08-2009,28.4,27.2,31.5,0.5
06-08-2009,28.7,27,31.1,0.5
07-08-2009,28.6,26.1,31,3
08-08-2009,28.7,27.6,31,0
09-08-2009,28.4,27.6,31,
10-08-2009,28.3,,31,
11-08-2009,28.1,,30.7,0.5
12-08-2009,28.2,25,31.4,8.9
13-08-2009,28.4,,31.5,2
14-08-2009,28.5,26.9,31.5,0.5
15-08-2009,28.3,26.9,30.9,0.5
16-08-2009,28.7,26,31.3,7.9
17-08-2009,28.8,27,32,0
18-08-2009,28.6,26.7,31.7,0
19-08-2009,29.3,26.8,32.5,0
20-08-2009,28.2,23.3,32.1,73.9
21-08-2009,27.6,23.9,31,55.1
22-08-2009,27.9,25.8,30.4,3
23-08-2009,26.8,24.5,29.7,18
24-08-2009,26.7,25,29.7,29
25-08-2009,26.8,24.5,29.7,27.9
26-08-2009,28,23.4,31.5,18
27-08-2009,28.4,,31.8,0
28-08-2009,28.4,26,31,3
29-08-2009,27.7,,31,7.1
30-08-2009,27.7,25.2,30.7,22.1
31-08-2009,28.4,25.3,31.5,6.1
01-09-2009,28.4,,31.8,8.9
02-09-2009,26.4,25,29.8,43.9
03-09-2009,26.1,,27.8,6.1
04-09-2009,26.6,23.6,,161
05-09-2009,28.1,25.9,30.5,7.9
06-09-2009,26.2,,27.6,13
07-09-2009,25.3,,27.7,20.1
08-09-2009,27.8,23.8,31.5,5.1
09-09-2009,28.3,25.7,31.3,1
10-09-2009,28.4,25.7,31.8,0
11-09-2009,28.5,25.2,31.7,0
12-09-2009,28.4,25.8,31.2,7.1
13-09-2009,28.1,25.5,30.2,0
14-09-2009,28,,31.5,
15-09-2009,28.6,24.5,32,
16-09-2009,28.9,25,32.4,0
17-09-2009,28.9,23.8,32.2,
18-09-2009,29.3,25,32.4,
19-09-2009,29.6,26.1,33,
20-09-2009,29,26.7,31.8,
21-09-2009,28.5,,31.8,
22-09-2009,28,,33.2,2
23-09-2009,27.7,24,31.5,34
24-09-2009,28.4,24.9,32,2
25-09-2009,29.3,25.8,32.3,0
26-09-2009,29.3,,33,0.8
27-09-2009,29.3,25.2,32.5,0
28-09-2009,29.2,26.2,,
29-09-2009,29.4,27.3,32,
30-09-2009,29.4,28,32.5,
01-10-2009,29.8,27.8,,0.8
02-10-2009,28.6,,32.9,0
03-10-2009,28.2,,32.1,3
04-10-2009,24.3,23.6,25,31
05-10-2009,26.5,23,,75.9
06-10-2009,26.8,22.4,29.6,111
07-10-2009,27.9,25.6,31.1,1
08-10-2009,28,25.1,31.3,0
09-10-2009,27.8,24.4,31.5,
10-10-2009,27.6,23.4,31.4,
11-10-2009,28.5,23.6,32,
12-10-2009,29.8,24,35.6,
13-10-2009,28.6,,32,
14-10-2009,29.4,24.5,33.4,
15-10-2009,30.6,26,35,
16-10-2009,29.6,,,
17-10-2009,29.9,22.8,35.5,
18-10-2009,29.5,22.5,35,
19-10-2009,29.9,21.9,35.2,
20-10-2009,29.4,21,33.5,
21-10-2009,30.4,23.7,,
22-10-2009,30.4,21.8,,
23-10-2009,30.2,21.8,,
24-10-2009,29.6,20.3,35.7,
25-10-2009,28.3,18.7,32.9,
26-10-2009,29.8,20.2,35,
27-10-2009,29.9,,35.3,
28-10-2009,30.5,19.7,36,
29-10-2009,29.9,21,36.8,
30-10-2009,30.3,21.7,,
31-10-2009,30,21,,
01-11-2009,29.7,19.7,36.2,
02-11-2009,30.4,20.3,36.3,
03-11-2009,30,19.8,36.6,
04-11-2009,29.9,19.6,35.7,
05-11-2009,30.7,23.2,35.7,
06-11-2009,30.7,22.9,35,
07-11-2009,31.1,22.5,36.2,
08-11-2009,30.4,24.2,35.8,
09-11-2009,29.8,,33.5,
10-11-2009,25.1,,,
11-11-2009,23.7,21.4,25.1,35.1
12-11-2009,25.6,22.2,28.6,29
13-11-2009,27.2,22.7,32.2,0
14-11-2009,26.9,23.2,31,
15-11-2009,26.7,23.2,,13
16-11-2009,27.3,24.7,29.2,0
17-11-2009,27.9,,32.5,0
18-11-2009,27.3,22.4,31.1,
19-11-2009,27.8,22.2,33.1,
20-11-2009,27.6,,33,
21-11-2009,26.6,20.8,32.3,
22-11-2009,27.1,20.7,32.2,
23-11-2009,27.7,21.3,33.1,
24-11-2009,27.7,21.5,34.3,
25-11-2009,27.6,20.7,32.3,
26-11-2009,27.8,21.2,32.4,
27-11-2009,28.3,21.2,,
28-11-2009,28.5,22,34,
29-11-2009,27.4,21,32.6,
30-11-2009,26.7,20.2,32.2,
01-12-2009,26.8,18.4,32.3,
02-12-2009,26.9,18.5,32.4,
03-12-2009,26.9,18.7,32.8,
04-12-2009,26.9,20,31.6,
05-12-2009,26.8,20.4,31.6,
06-12-2009,26.9,20.7,31.3,
07-12-2009,26.6,20.2,30.3,
08-12-2009,27.2,20.2,32.5,
09-12-2009,27.6,19.4,33.5,
10-12-2009,27.7,19.2,34.1,
11-12-2009,27.9,20.2,33.2,
12-12-2009,27.6,20.4,33.3,
13-12-2009,27.7,19.7,33.6,
14-12-2009,27.9,20.3,33.6,
15-12-2009,27.6,21,32.1,
16-12-2009,27.3,21.4,32.1,
17-12-2009,26.8,21,31.2,
18-12-2009,26.6,20.4,31.2,
19-12-2009,28.4,21.9,34.2,
20-12-2009,28.6,22.7,34.3,
21-12-2009,29,21.9,,
22-12-2009,28.7,21.1,33.7,
23-12-2009,27.2,,,
24-12-2009,26.5,,32.5,
25-12-2009,25.7,15.8,32.5,
26-12-2009,24.4,14.8,30.2,
27-12-2009,24.2,16,28.5,
28-12-2009,23.8,15.6,,
29-12-2009,24.3,15.8,28.9,
30-12-2009,24.2,15.3,,
31-12-2009,24.9,13.4,,